,high,open,low,close,volume,RSI
20150616,6.65,6.3,6.18,6.27,3851695.0,0.5
20150617,6.65,6.26,5.9,6.58,4327588.0,0.5
20150618,6.92,6.54,6.41,6.61,4212344.0,0.5
20150619,6.54,6.4,5.95,5.95,3094319.0,0.5
20150623,6.05,5.86,5.4,5.98,2913964.0,0.5
20150624,6.38,6.04,5.92,6.35,3676390.0,0.5
20150625,6.34,6.3,5.83,6.01,3169015.0,0.5
20150626,5.9,5.8,5.41,5.41,2726804.0,0.5
20150629,5.65,5.6,4.87,5.05,3271963.0,0.5
20150630,5.38,5.0,4.56,5.36,3081074.0,0.5
20150701,5.4,5.28,4.86,4.91,2482931.0,0.5
20150702,5.01,4.91,4.42,4.42,2593524.0,0.5
20150703,4.47,4.25,3.98,3.98,2543089.0,0.23917995444191356
20150706,4.37,4.37,3.63,3.97,2941169.0,0.23858706878744076
20150707,3.91,3.86,3.57,3.61,3599239.0,0.21742106614186713
20150708,3.44,3.25,3.25,3.25,3757211.0,0.19823601085400855
20150709,3.58,3.25,3.03,3.58,2665242.0,0.2632465286150566
20150710,3.94,3.7,3.63,3.94,1360617.0,0.3280844239844409
20150713,4.33,4.25,4.07,4.33,3283467.0,0.39138399338702207
20150714,4.63,4.36,4.18,4.33,4011087.0,0.39138399338702207
20150715,4.23,4.22,3.9,3.9,2322032.0,0.34832607737371246
20150716,4.14,3.9,3.55,3.98,1926889.0,0.3625591905387673
20150717,4.25,3.98,3.98,4.17,2018687.0,0.39669860470548557
20150720,4.25,4.15,4.05,4.13,1932562.0,0.3918784329407947
20150721,4.19,4.06,4.01,4.14,1504839.0,0.3938869892781423
20150722,4.3,4.13,4.08,4.18,1951449.0,0.4024985355195966
20150723,4.33,4.11,4.09,4.32,2881825.0,0.4332439465926045
20150724,4.4,4.27,4.14,4.17,2950970.0,0.4086651445329322
20150727,4.12,4.06,3.75,3.75,2363798.0,0.3483068669825274
20150728,3.8,3.54,3.41,3.67,2034694.0,0.33793558544220303
20150729,3.95,3.71,3.65,3.94,1395620.0,0.4033471374491127
20150730,4.05,3.9,3.8,3.81,1475776.0,0.38344823598942684
20150731,3.9,3.76,3.74,3.84,980178.0,0.39101178239421536
20150803,4.15,3.79,3.75,4.15,1772659.0,0.46499643023612497
20150804,4.25,4.12,4.01,4.19,1706940.0,0.47399165894617296
20150805,4.26,4.16,4.02,4.05,1258868.0,0.445398577511749
20150806,4.1,3.99,3.94,4.01,754821.0,0.43717861776006894
20150807,4.12,4.04,4.02,4.07,899956.0,0.45367732482343487
20150810,4.3,4.1,4.1,4.23,2064156.0,0.4966057418190742
20150811,4.5,4.23,4.2,4.33,2961786.0,0.5222037941517881
20150812,4.39,4.26,4.21,4.23,1907058.0,0.4947577455643022
20150813,4.44,4.22,4.21,4.41,2012889.0,0.5420232504455785
20150814,4.67,4.5,4.42,4.52,3232160.0,0.5689090107922721
20150817,4.97,4.52,4.46,4.97,2710021.0,0.658404218608255
20150818,5.47,5.03,4.6,4.76,5775720.0,0.5954701022803167
20150819,5.24,4.57,4.57,5.24,4313380.0,0.673329921946372
20150820,5.45,5.21,4.89,5.01,4395894.0,0.6117792664031867
20150821,4.93,4.8,4.51,4.51,3689211.0,0.5027820799166739
20150824,4.32,4.25,4.06,4.06,1429819.0,0.42792699787830296
20150825,3.75,3.65,3.65,3.65,1944403.0,0.37276538221799593
20150826,3.75,3.6,3.29,3.3,2634415.0,0.3328131937025202
20150827,3.5,3.4,3.18,3.5,1763138.0,0.37459767399551586
20150828,3.84,3.58,3.46,3.78,2133949.0,0.4291950628444978
20150831,3.75,3.75,3.52,3.57,1692938.0,0.400582658768
20150901,3.59,3.55,3.27,3.35,1499432.0,0.37222337721308213
20150902,3.43,3.15,3.03,3.15,1257684.0,0.347804055472426
20150907,3.36,3.17,3.17,3.21,1034679.0,0.3615126232271869
20150908,3.36,3.22,3.12,3.34,992984.0,0.391732272969241
20150909,3.55,3.35,3.32,3.5,1511207.0,0.4280768782638995
20150910,3.47,3.44,3.35,3.36,948937.0,0.4049788887233582
20150911,3.42,3.36,3.29,3.36,658839.0,0.4049788887233582
20150914,3.48,3.42,3.03,3.11,1403522.0,0.3633180095686997
20150915,3.11,3.05,2.83,2.88,1376250.0,0.3293173709685766
20150916,3.17,2.89,2.88,3.14,1388880.0,0.3987106962295402
20150917,3.24,3.1,3.02,3.03,1401295.0,0.3805385110586791
20150918,3.1,3.05,3.0,3.05,734915.0,0.38608835802046826
20150921,3.13,3.02,2.99,3.1,779423.0,0.40073092211797084
20150922,3.18,3.1,3.09,3.13,958322.0,0.4099427377178638
20150923,3.08,3.08,3.0,3.03,799422.0,0.3882411154876681
20150924,3.08,3.05,3.02,3.07,556513.0,0.4020538488727372
20150925,3.07,3.05,2.95,2.99,644828.0,0.3831775039528919
20150928,3.02,3.0,2.95,3.01,368349.0,0.3909757482604095
20150929,2.98,2.97,2.91,2.94,436822.0,0.3729717415500695
20150930,2.96,2.94,2.92,2.94,317350.0,0.37297174155006957
20151008,3.06,3.05,3.01,3.04,663560.0,0.4184968024631807
20151009,3.1,3.03,2.99,3.09,911235.0,0.44064848926785977
20151012,3.25,3.09,3.08,3.21,1472263.0,0.4913768279744008
20151013,3.18,3.15,3.13,3.17,1013249.0,0.47568923005981323
20151014,3.4,3.15,3.14,3.21,1735382.0,0.4933354173679981
20151015,3.28,3.19,3.16,3.27,1230491.0,0.5197826233077829
20151016,3.3,3.28,3.23,3.28,1277346.0,0.524297356866795
20151019,3.32,3.29,3.23,3.27,1271642.0,0.5189746935466458
20151020,3.29,3.26,3.21,3.28,966311.0,0.5242436484772005
20151021,3.38,3.27,3.03,3.06,1742614.0,0.41511550726367735
20151022,3.12,3.0,2.99,3.11,1339913.0,0.44382031150148615
20151023,3.17,3.11,3.07,3.15,1177470.0,0.46666388400929665
20151026,3.17,3.16,3.1,3.13,1157247.0,0.4564382672281312
20151027,3.11,3.1,3.0,3.07,933807.0,0.42589616892272697
20151028,3.17,3.06,3.04,3.07,985180.0,0.42589616892272697
20151029,3.09,3.05,3.04,3.06,667721.0,0.42031763211549034
20151030,3.07,3.07,3.01,3.03,539603.0,0.4030403695477743
20151102,3.02,3.0,2.96,2.97,645491.0,0.36986897114773837
20151103,3.01,2.98,2.97,2.98,395649.0,0.3791593344667701
20151104,3.09,2.98,2.98,3.09,925312.0,0.4724880668647491
20151105,3.4,3.08,3.07,3.3,3628924.0,0.598262585111555
20151106,3.35,3.23,3.21,3.3,2263131.0,0.5982625851115548
20151109,3.34,3.25,3.24,3.31,1783623.0,0.6036184745800343
20151110,3.43,3.28,3.22,3.36,2195770.0,0.630488948274105
20151111,3.46,3.33,3.32,3.34,1662214.0,0.612374400458799
20151112,3.4,3.33,3.32,3.35,1593865.0,0.6183553177913639
20151113,3.32,3.31,3.18,3.22,1127401.0,0.5073392743307289
20151116,3.25,3.15,3.14,3.25,657025.0,0.5286433993345055
20151117,3.35,3.27,3.23,3.24,1132857.0,0.5204593195370963
20151118,3.27,3.26,3.17,3.19,764137.0,0.47993222081815345
20151119,3.26,3.21,3.2,3.25,670353.0,0.528041851233754
20151120,3.29,3.25,3.23,3.26,1019508.0,0.5358485795758354
20151123,3.26,3.26,3.18,3.19,934605.0,0.47575408277439935
20151124,3.19,3.17,3.11,3.16,800200.0,0.4520516743716445
20151125,3.17,3.16,3.13,3.17,645013.0,0.4618020048241193
20151126,3.25,3.17,3.15,3.19,1052425.0,0.4819160056041166
20151127,3.19,3.18,2.96,3.0,1234170.0,0.3473722212871094
20151130,3.04,3.0,2.91,3.0,821147.0,0.3473722212871093
20151201,3.04,3.01,2.97,3.02,518331.0,0.3694259436824626
20151202,3.15,3.02,2.98,3.12,975418.0,0.46756492982813574
20151203,3.13,3.09,3.08,3.11,754920.0,0.459759006610076
20151204,3.12,3.09,3.01,3.04,716565.0,0.40777289854546866
20151207,3.06,3.05,3.02,3.04,376195.0,0.40777289854546855
20151208,3.02,3.01,2.97,2.98,529678.0,0.3656034713143267
20151209,3.02,2.98,2.97,2.99,382878.0,0.37731159848249635
20151210,3.0,2.98,2.93,2.94,489640.0,0.34280282018920294
20151211,2.99,2.94,2.9,2.94,488479.0,0.34280282018920294
20151214,3.03,2.91,2.9,3.02,780285.0,0.4402789300745086
20151215,3.01,3.01,2.97,2.99,433349.0,0.41509246730717886
20151216,3.19,2.99,2.98,3.17,1274837.0,0.5744385436198588
20151217,3.49,3.24,3.2,3.49,2122200.0,0.7215546369454215
20151218,3.84,3.84,3.84,3.84,440701.0,0.8028679640332536
20151221,4.22,4.21,3.99,4.22,5619500.0,0.8535292977025981
20151222,4.64,4.25,4.18,4.64,7942323.0,0.8881788495551137
20151223,4.51,4.44,4.18,4.18,6174878.0,0.6924578928221817
20151224,4.28,4.12,4.02,4.12,4595082.0,0.6714053913251646
20151225,4.1,4.09,3.94,4.0,3874474.0,0.6296395807278486
20151228,4.03,4.0,3.85,3.88,2708916.0,0.5896265297592009
20151229,3.93,3.89,3.84,3.9,2511714.0,0.5943139835032183
20151230,3.91,3.88,3.71,3.77,2987565.0,0.5497840760415358
20151231,3.82,3.78,3.67,3.67,1977148.0,0.5172610582741544
20160104,3.71,3.63,3.3,3.3,2011098.0,0.417558501606692
20160105,3.53,3.17,3.16,3.47,3710858.0,0.4688719829647252
20160106,3.82,3.41,3.36,3.82,4169004.0,0.5566074589636968
20160107,3.75,3.75,3.44,3.44,999226.0,0.4655270345700517
20160108,3.78,3.58,3.34,3.71,4529269.0,0.5256872707007355
20160111,3.61,3.58,3.34,3.38,2956278.0,0.4570876089407021
20160112,3.46,3.39,3.26,3.35,1578707.0,0.4512477090914382
20160113,3.52,3.35,3.24,3.28,2497773.0,0.43703466246807904
20160114,3.39,3.02,3.01,3.33,2144501.0,0.45052068994100297
20160115,3.28,3.27,3.06,3.08,1681009.0,0.3984562084387529
20160118,3.14,3.01,2.99,3.09,1134162.0,0.4014744780659041
20160119,3.22,3.09,3.05,3.18,1561939.0,0.42957537119979
20160120,3.28,3.15,3.07,3.16,1708294.0,0.42474102545032116
20160121,3.2,3.1,3.04,3.05,1237008.0,0.3978754164256255
20160122,3.16,3.1,3.03,3.13,1243019.0,0.4266480513031031
20160125,3.23,3.16,3.1,3.15,1196532.0,0.43402403308332665
20160126,3.12,3.12,2.85,2.86,1625425.0,0.3606361495610397
20160127,2.92,2.89,2.67,2.87,1487159.0,0.3646772121846751
20160128,2.85,2.81,2.61,2.62,1136626.0,0.31105831390942806
20160129,2.75,2.61,2.57,2.69,1113302.0,0.3406697097782186
20160201,2.67,2.66,2.52,2.57,1044189.0,0.31532395931777923
20160202,2.65,2.53,2.53,2.62,882457.0,0.3377209650255949
20160203,2.62,2.58,2.52,2.61,692267.0,0.3353276889331924
20160204,2.71,2.6,2.6,2.69,1004704.0,0.37404090762591397
20160205,2.75,2.7,2.66,2.7,908642.0,0.37897333292702773
20160215,2.85,2.58,2.56,2.78,1164932.0,0.41893278158852093
20160216,2.85,2.77,2.76,2.83,1204518.0,0.44335343876115163
20160217,2.92,2.82,2.8,2.86,1155088.0,0.4582561328537818
20160218,2.96,2.85,2.83,2.83,1254802.0,0.44525204950581154
20160219,2.82,2.81,2.76,2.8,818860.0,0.4318822356640711
20160222,3.03,2.84,2.84,2.95,1812476.0,0.5118367642955853
20160223,3.06,2.93,2.91,3.0,1735737.0,0.5356030525620017
20160224,3.01,2.97,2.88,3.0,1213439.0,0.5356030525620017
20160225,3.0,2.98,2.7,2.73,1495866.0,0.4079627816197988
20160226,3.0,3.0,3.0,3.0,867174.0,0.5301202366189941
20160229,3.3,3.3,3.19,3.3,4560083.0,0.6241268351664301
20160301,3.63,3.2,3.12,3.47,5950643.0,0.6654970500862882
20160302,3.75,3.35,3.33,3.54,4576381.0,0.6812559612423876
20160303,3.58,3.47,3.41,3.43,3232905.0,0.6303475514609075
20160304,3.59,3.42,3.31,3.38,3135761.0,0.6078246966226003
20160307,3.58,3.48,3.39,3.45,2264143.0,0.6281185482947992
20160308,3.79,3.69,3.5,3.58,3852508.0,0.6634063079344895
20160309,3.41,3.35,3.26,3.29,2681866.0,0.5389513180561312
20160310,3.36,3.32,3.12,3.15,1546631.0,0.4904913961891723
20160311,3.22,3.09,3.05,3.18,1451556.0,0.5009803600637734
20160314,3.32,3.22,3.17,3.24,1707539.0,0.5224307872515289
20160315,3.24,3.23,3.09,3.13,1301945.0,0.48107282540949436
20160316,3.16,3.12,3.06,3.09,1009298.0,0.46642516683122925
20160317,3.18,3.12,3.07,3.16,1347769.0,0.495736879809651
20160318,3.36,3.18,3.18,3.3,2197703.0,0.5497076912558357
20160321,3.48,3.31,3.28,3.42,2465208.0,0.5906728004156209
20160322,3.4,3.39,3.33,3.34,1390133.0,0.5540172158570178
20160323,3.37,3.33,3.27,3.32,1276479.0,0.5447966792104286
20160324,3.31,3.31,3.21,3.21,1247297.0,0.49533351427674654
20160325,3.24,3.18,3.16,3.24,743043.0,0.5086072547087082
20160328,3.27,3.26,3.15,3.16,936057.0,0.4724572261270545
20160329,3.16,3.14,3.06,3.09,863632.0,0.4424395770082646
20160330,3.22,3.11,3.1,3.2,983395.0,0.4972029407343651
20160331,3.21,3.2,3.14,3.16,775954.0,0.47855685876470405
20160401,3.17,3.15,3.09,3.17,778393.0,0.4838360830286056
20160405,3.24,3.15,3.13,3.22,985851.0,0.5108485979598117
20160406,3.25,3.2,3.15,3.19,990032.0,0.4939293135422487
20160407,3.28,3.19,3.13,3.21,1626760.0,0.5058324472802369
20160408,3.18,3.16,3.12,3.15,932741.0,0.46967812072296694
20160411,3.28,3.16,3.16,3.22,1404690.0,0.5138978878130293
20160412,3.25,3.19,3.14,3.22,1419236.0,0.5138978878130291
20160413,3.37,3.25,3.25,3.31,2724009.0,0.5688996801527261
20160414,3.33,3.33,3.23,3.27,1429859.0,0.5393129981370424
20160415,3.27,3.26,3.22,3.25,962440.0,0.5244361223358713
20160418,3.23,3.22,3.15,3.21,1033279.0,0.49466465199981746
20160419,3.23,3.23,3.17,3.21,766405.0,0.4946646519998174
20160420,3.25,3.22,3.0,3.06,1805160.0,0.39467488306733745
20160421,3.19,3.07,3.04,3.1,1352499.0,0.4282931540282143
20160422,3.09,3.05,3.01,3.09,766209.0,0.42190276032867474
20160425,3.07,3.06,3.01,3.05,491154.0,0.396112619523849
20160426,3.07,3.05,3.03,3.06,419835.0,0.4060151297361169
20160427,3.06,3.06,3.0,3.02,630103.0,0.3789028656051076
20160428,3.02,3.01,2.94,2.98,725217.0,0.3531750924536189
20160429,2.98,2.98,2.98,2.98,0.0,0.3531750924536189
20160503,2.87,2.83,2.83,2.83,890892.0,0.2710418380691256
20160504,2.88,2.83,2.82,2.84,1258697.0,0.28316581149836983
20160505,2.84,2.83,2.76,2.79,1053559.0,0.2596137648231435
20160506,2.79,2.78,2.65,2.66,1348672.0,0.21005848117817624
20160509,2.63,2.63,2.53,2.53,918328.0,0.17385585104982376
20160510,2.51,2.48,2.43,2.45,955598.0,0.15582663696564283
20160511,2.48,2.47,2.38,2.42,719602.0,0.149484950242246
20160512,2.44,2.38,2.34,2.44,842644.0,0.1739347190907857
20160513,2.49,2.41,2.4,2.44,706204.0,0.17393471909078573
20160516,2.46,2.44,2.41,2.46,392356.0,0.2012606494632808
20160517,2.47,2.46,2.43,2.44,425849.0,0.19425074900478556
20160518,2.42,2.42,2.32,2.34,846087.0,0.16323844722889647
20160519,2.46,2.33,2.32,2.45,1155509.0,0.297772019828929
20160520,2.48,2.42,2.4,2.45,710481.0,0.297772019828929
20160523,2.46,2.45,2.43,2.45,466701.0,0.297772019828929
20160524,2.44,2.44,2.37,2.38,516990.0,0.262856485510572
20160525,2.42,2.4,2.37,2.39,484629.0,0.27608505458592586
20160526,2.39,2.39,2.39,2.39,0.0,0.2760850545859258
20160527,2.39,2.39,2.39,2.39,0.0,0.27608505458592575
20160530,2.39,2.39,2.39,2.39,0.0,0.2760850545859258
20160531,2.39,2.39,2.39,2.39,0.0,0.27608505458592575
20160601,2.39,2.39,2.39,2.39,0.0,0.27608505458592575
20160602,2.39,2.39,2.39,2.39,0.0,0.27608505458592575
20160603,2.39,2.39,2.39,2.39,0.0,0.27608505458592575
20160606,2.39,2.39,2.39,2.39,0.0,0.27608505458592575
20160607,2.39,2.39,2.39,2.39,0.0,0.2760850545859258
20160608,2.39,2.39,2.39,2.39,0.0,0.2760850545859258
20160613,2.39,2.39,2.39,2.39,0.0,0.2760850545859258
20160614,2.39,2.39,2.39,2.39,0.0,0.2760850545859258
20160615,2.39,2.39,2.39,2.39,0.0,0.2760850545859258
20160616,2.39,2.39,2.39,2.39,0.0,0.2760850545859258
20160617,2.39,2.39,2.39,2.39,0.0,0.2760850545859258
20160620,2.39,2.39,2.39,2.39,0.0,0.2760850545859258
20160621,2.39,2.39,2.39,2.39,0.0,0.27608505458592586
20160622,2.39,2.39,2.39,2.39,0.0,0.2760850545859258
20160623,2.39,2.39,2.39,2.39,0.0,0.27608505458592586
20160624,2.39,2.39,2.39,2.39,0.0,0.2760850545859258
20160627,2.39,2.39,2.39,2.39,0.0,0.27608505458592586
20160628,2.39,2.39,2.39,2.39,0.0,0.27608505458592586
20160629,2.39,2.39,2.39,2.39,0.0,0.27608505458592586
20160630,2.39,2.39,2.39,2.39,0.0,0.27608505458592586
20160701,2.39,2.39,2.39,2.39,0.0,0.27608505458592586
20160704,2.39,2.39,2.39,2.39,0.0,0.2760850545859258
20160705,2.39,2.39,2.39,2.39,0.0,0.2760850545859259
20160706,2.39,2.39,2.39,2.39,0.0,0.27608505458592586
20160707,2.39,2.39,2.39,2.39,0.0,0.27608505458592586
20160708,2.39,2.39,2.39,2.39,0.0,0.27608505458592586
20160711,2.39,2.39,2.39,2.39,0.0,0.2760850545859258
20160712,2.39,2.39,2.39,2.39,0.0,0.2760850545859258
20160713,2.39,2.39,2.39,2.39,0.0,0.27608505458592586
20160714,2.39,2.39,2.39,2.39,0.0,0.27608505458592586
20160715,2.39,2.39,2.39,2.39,0.0,0.27608505458592586
20160718,2.39,2.39,2.39,2.39,0.0,0.2760850545859258
20160719,2.39,2.39,2.39,2.39,0.0,0.2760850545859258
20160720,2.39,2.39,2.39,2.39,0.0,0.2760850545859258
20160721,2.39,2.39,2.39,2.39,0.0,0.2760850545859258
20160722,2.39,2.39,2.39,2.39,0.0,0.2760850545859258
20160725,2.39,2.39,2.39,2.39,0.0,0.2760850545859258
20160726,2.39,2.39,2.39,2.39,0.0,0.2760850545859258
20160727,2.39,2.39,2.39,2.39,0.0,0.27608505458592586
20160728,2.39,2.39,2.39,2.39,0.0,0.2760850545859258
20160729,2.39,2.39,2.39,2.39,0.0,0.2760850545859258
20160801,2.39,2.39,2.39,2.39,0.0,0.2760850545859258
20160802,2.39,2.39,2.39,2.39,0.0,0.2760850545859258
20160803,2.39,2.39,2.39,2.39,0.0,0.2760850545859258
20160804,2.39,2.39,2.39,2.39,0.0,0.2760850545859258
20160805,2.39,2.39,2.39,2.39,0.0,0.2760850545859258
20160808,2.39,2.39,2.39,2.39,0.0,0.27608505458592575
20160809,2.39,2.39,2.39,2.39,0.0,0.27608505458592575
20160810,2.39,2.39,2.39,2.39,0.0,0.27608505458592575
20160811,2.39,2.39,2.39,2.39,0.0,0.2760850545859258
20160812,2.39,2.39,2.39,2.39,0.0,0.2760850545859258
20160815,2.39,2.39,2.39,2.39,0.0,0.2760850545859258
20160816,2.39,2.39,2.39,2.39,0.0,0.2760850545859258
20160817,2.39,2.39,2.39,2.39,0.0,0.27608505458592575
20160818,2.39,2.39,2.39,2.39,0.0,0.2760850545859258
20160819,2.39,2.39,2.39,2.39,0.0,0.27608505458592575
20160822,2.39,2.39,2.39,2.39,0.0,0.27608505458592575
20160823,2.39,2.39,2.39,2.39,0.0,0.27608505458592575
20160824,2.39,2.39,2.39,2.39,0.0,0.27608505458592575
20160825,2.39,2.39,2.39,2.39,0.0,0.27608505458592575
20160826,2.39,2.39,2.39,2.39,0.0,0.27608505458592575
20160829,2.39,2.39,2.39,2.39,0.0,0.2760850545859257
20160830,2.39,2.39,2.39,2.39,0.0,0.2760850545859257
20160831,2.39,2.39,2.39,2.39,0.0,0.2760850545859257
20160901,2.39,2.39,2.39,2.39,0.0,0.2760850545859257
20160902,2.39,2.39,2.39,2.39,0.0,0.27608505458592575
20160905,2.39,2.39,2.39,2.39,0.0,0.27608505458592575
20160906,2.39,2.39,2.39,2.39,0.0,0.27608505458592575
20160907,2.39,2.39,2.39,2.39,0.0,0.27608505458592575
20160908,2.39,2.39,2.39,2.39,0.0,0.27608505458592575
20160909,2.39,2.39,2.39,2.39,0.0,0.2760850545859258
20160912,2.39,2.39,2.39,2.39,0.0,0.2760850545859258
20160913,2.39,2.39,2.39,2.39,0.0,0.2760850545859258
20160914,2.51,2.51,2.51,2.51,163428.0,0.9962262956982264
20160919,2.64,2.64,2.58,2.64,1033343.0,0.9982654878554194
20160920,2.72,2.72,2.55,2.57,2072032.0,0.7577430926696956
20160921,2.61,2.57,2.54,2.57,776536.0,0.7577430926696956
20160922,2.58,2.58,2.51,2.52,776897.0,0.6289297900076126
20160923,2.51,2.49,2.43,2.44,1021779.0,0.48501576293083487
20160926,2.43,2.43,2.35,2.35,725579.0,0.3786732974903919
20160927,2.37,2.34,2.33,2.37,521399.0,0.4100318141624836
20160928,2.49,2.38,2.37,2.49,559160.0,0.5565318518689991
20160929,2.54,2.53,2.46,2.47,844410.0,0.5324905300122897
20160930,2.59,2.45,2.45,2.53,839612.0,0.5903986554632245
20161010,2.57,2.55,2.51,2.53,688957.0,0.5903986554632243
20161011,2.53,2.53,2.49,2.51,594800.0,0.5627471812971611
20161012,2.51,2.5,2.48,2.5,478464.0,0.5487290712705323
20161013,2.61,2.49,2.49,2.57,1162996.0,0.6208517422015746
20161014,2.56,2.55,2.49,2.52,670717.0,0.5520959160687049
20161017,2.54,2.51,2.48,2.5,481443.0,0.5266458553154137
20161018,2.53,2.5,2.49,2.53,471706.0,0.5598473353698017
20161019,2.54,2.53,2.5,2.52,410639.0,0.5459231412193332
20161020,2.52,2.52,2.5,2.51,304757.0,0.5315021846296837
20161021,2.52,2.51,2.48,2.51,427561.0,0.5315021846296837
20161024,2.64,2.51,2.49,2.64,1711368.0,0.6674206183123164
20161025,2.68,2.66,2.6,2.65,1406283.0,0.6753249457271298
20161026,2.66,2.63,2.6,2.65,635749.0,0.6753249457271299
20161027,2.76,2.65,2.62,2.7,1162460.0,0.7155521119088142
20161028,2.71,2.69,2.64,2.66,813900.0,0.6457289773440457
20161031,2.68,2.68,2.59,2.62,600165.0,0.5836041743785894
20161101,2.67,2.61,2.58,2.61,834137.0,0.5686826465303059
20161102,2.6,2.6,2.54,2.56,684602.0,0.4990802978262534
20161103,2.58,2.54,2.53,2.56,445588.0,0.4990802978262534
20161104,2.58,2.56,2.55,2.57,354084.0,0.5132597133655062
20161107,2.6,2.56,2.54,2.59,606503.0,0.5415723046766173
20161108,2.6,2.59,2.57,2.58,439223.0,0.5249177824983596
20161109,2.59,2.58,2.52,2.55,547580.0,0.4769190051234923
20161110,2.6,2.57,2.57,2.58,670845.0,0.5243651686767926
20161111,2.71,2.57,2.57,2.71,2166019.0,0.6671061299337161
20161114,2.75,2.68,2.66,2.73,1716871.0,0.6830691369172018
20161115,2.73,2.73,2.68,2.7,812220.0,0.633370279325811
20161116,2.72,2.69,2.67,2.71,719759.0,0.6428203648365987
20161117,2.71,2.7,2.65,2.69,831280.0,0.6085944836421843
20161118,2.71,2.69,2.67,2.68,651918.0,0.5914186205106486
20161121,2.7,2.69,2.67,2.69,553601.0,0.6036222329472111
20161122,2.75,2.68,2.68,2.71,791544.0,0.6278726904354412
20161123,2.72,2.72,2.68,2.69,592319.0,0.5885890787308483
20161124,2.72,2.69,2.68,2.69,628599.0,0.5885890787308483
20161125,2.73,2.68,2.65,2.73,862048.0,0.6419144330779126
20161128,2.78,2.73,2.72,2.74,894033.0,0.6541404848810761
20161129,2.77,2.73,2.71,2.71,807448.0,0.5883933289779543
20161130,2.7,2.7,2.66,2.68,618194.0,0.5302529815852793
20161201,2.74,2.68,2.67,2.72,709400.0,0.5892838247768143
20161202,2.73,2.71,2.68,2.69,539403.0,0.5343441782617147
20161205,2.7,2.67,2.65,2.68,547034.0,0.5168227201716459
20161206,2.69,2.68,2.67,2.68,291384.0,0.516822720171646
20161207,2.75,2.68,2.67,2.74,855438.0,0.6084910346392333
20161208,2.73,2.73,2.69,2.7,568395.0,0.5347124470339757
20161209,2.71,2.69,2.68,2.69,393828.0,0.5175966861757827
20161212,2.74,2.7,2.61,2.62,866377.0,0.41592922963423634
20161213,2.64,2.61,2.56,2.62,643048.0,0.41592922963423623
20161214,2.62,2.61,2.57,2.58,476229.0,0.3669177049517945
20161215,2.6,2.57,2.55,2.58,329110.0,0.3669177049517945
20161216,2.63,2.58,2.57,2.62,491557.0,0.44477902423604243
20161219,2.62,2.61,2.59,2.6,370786.0,0.41681718276396645
20161220,2.6,2.6,2.55,2.57,461757.0,0.37793761651137003
20161221,2.6,2.57,2.57,2.59,369216.0,0.4174562267839751
20161222,2.59,2.59,2.56,2.57,316327.0,0.3904000662480287
20161223,2.58,2.57,2.54,2.55,396877.0,0.3646199865658001
20161226,2.55,2.54,2.47,2.52,453588.0,0.3290623868856946
20161227,2.54,2.52,2.51,2.52,288798.0,0.3290623868856946
20161228,2.53,2.52,2.5,2.5,267554.0,0.30543091253038046
20161229,2.48,2.43,2.38,2.46,956845.0,0.26405681684531257
20161230,2.44,2.44,2.38,2.39,957189.0,0.20980066431300837
20170103,2.39,2.36,2.35,2.39,485396.0,0.20980066431300837
20170104,2.47,2.39,2.38,2.44,545148.0,0.32729693958201017
20170105,2.45,2.43,2.42,2.43,345115.0,0.31701245982574777
20170106,2.44,2.42,2.41,2.44,330453.0,0.3396486842798046
20170109,2.43,2.43,2.41,2.43,234541.0,0.3277968769370355
20170110,2.47,2.42,2.42,2.46,560268.0,0.3966941451228598
20170111,2.49,2.45,2.44,2.46,501835.0,0.3966941451228598
20170112,2.46,2.45,2.41,2.42,326350.0,0.3412022868908521
20170113,2.42,2.42,2.38,2.38,356382.0,0.2960276820010555
20170116,2.39,2.38,2.26,2.32,539500.0,0.24331340186300993
20170117,2.34,2.31,2.29,2.34,322333.0,0.28933166539166844
20170118,2.35,2.33,2.31,2.33,205698.0,0.28004208593396
20170119,2.36,2.32,2.31,2.33,256693.0,0.28004208593396
20170120,2.36,2.33,2.32,2.36,195916.0,0.3540835210728604
20170123,2.33,2.31,2.28,2.31,835677.0,0.29830515513355543
20170124,2.31,2.3,2.28,2.28,517325.0,0.2704220006652661
20170125,2.29,2.28,2.26,2.27,426326.0,0.2615325643231185
20170126,2.29,2.27,2.27,2.29,296228.0,0.310952260553647
20170203,2.3,2.28,2.28,2.29,290961.0,0.310952260553647
20170206,2.31,2.3,2.29,2.31,281384.0,0.3617816758242387
20170207,2.31,2.3,2.3,2.31,252058.0,0.3617816758242387
20170208,2.31,2.3,2.29,2.31,361271.0,0.3617816758242387
20170209,2.34,2.31,2.3,2.33,486996.0,0.4175620178289693
20170210,2.45,2.33,2.31,2.45,1427072.0,0.6295096643474797
20170213,2.52,2.45,2.4,2.44,1104825.0,0.6093513594764333
20170214,2.48,2.44,2.43,2.45,543149.0,0.6225373908789477
20170215,2.47,2.44,2.42,2.43,540516.0,0.5798351300383692
20170216,2.46,2.42,2.41,2.44,437575.0,0.5949885713543615
20170217,2.45,2.44,2.4,2.4,431165.0,0.5140838210758836
20170220,2.44,2.4,2.39,2.42,338556.0,0.547635372102022
20170221,2.44,2.42,2.41,2.43,335243.0,0.5640542056359942
20170222,2.54,2.43,2.41,2.48,777207.0,0.6360980126003751
20170223,2.47,2.46,2.44,2.45,488048.0,0.5740079780529731
20170224,2.48,2.45,2.44,2.46,358408.0,0.5886101916660952
20170227,2.48,2.45,2.45,2.45,347752.0,0.5673929120974639
20170228,2.46,2.45,2.43,2.45,268162.0,0.5673929120974638
20170301,2.51,2.45,2.44,2.49,618989.0,0.6307530297428792
20170302,2.61,2.51,2.51,2.61,2113195.0,0.7503953508918981
20170303,2.62,2.58,2.52,2.55,1309995.0,0.6376918688276059
20170306,2.59,2.55,2.52,2.59,902877.0,0.6733698870038896
20170307,2.59,2.59,2.56,2.57,501491.0,0.6390447350946272
20170308,2.56,2.55,2.52,2.53,410424.0,0.5750846398766226
20170309,2.54,2.53,2.49,2.51,381012.0,0.5453143325432089
20170310,2.54,2.51,2.5,2.53,265769.0,0.5696191863540587
20170313,2.55,2.53,2.51,2.55,295132.0,0.5933334044387264
20170314,2.56,2.55,2.53,2.54,262639.0,0.5760211780182646
20170315,2.58,2.54,2.53,2.56,350521.0,0.6013966223068827
20170316,2.58,2.56,2.55,2.57,335961.0,0.6139979882706766
20170317,2.67,2.56,2.56,2.58,765742.0,0.6268665323619593
20170320,2.64,2.57,2.57,2.61,622671.0,0.6635728408928959
20170321,2.61,2.61,2.59,2.6,397166.0,0.6406552887373131
20170322,2.6,2.6,2.55,2.56,383426.0,0.5567501565766519
20170323,2.58,2.56,2.54,2.55,360474.0,0.537549710783475
20170324,2.57,2.55,2.54,2.56,303987.0,0.5543171018978599
20170327,2.56,2.56,2.51,2.51,476114.0,0.46279118597675784
20170328,2.53,2.51,2.5,2.52,248613.0,0.4814712019690849
20170329,2.53,2.52,2.5,2.51,291040.0,0.46387481636475464
20170330,2.52,2.51,2.44,2.44,450460.0,0.362660852509842
20170331,2.5,2.44,2.44,2.49,377706.0,0.4552750250495174
20170405,2.61,2.49,2.49,2.58,796622.0,0.5762027876058401
20170406,2.62,2.58,2.57,2.6,541893.0,0.5978457847539284
20170407,2.62,2.59,2.58,2.6,470698.0,0.5978457847539285
20170410,2.72,2.6,2.6,2.69,1263025.0,0.6842121056352708
20170411,2.82,2.77,2.72,2.82,1167710.0,0.7640571572185295
20170412,2.96,2.93,2.89,2.96,615529.0,0.818092352952724
20170413,3.11,3.1,3.05,3.11,531647.0,0.8565039002993319
20170414,3.27,3.27,3.24,3.24,618937.0,0.88038421267022
20170417,3.12,3.08,3.08,3.08,502436.0,0.7195961117527677
20170418,3.21,2.93,2.93,3.03,2500822.0,0.677418928750851
20170419,3.16,3.05,3.03,3.07,2107923.0,0.6931167883493167
20170420,3.07,3.07,3.07,3.07,0.0,0.6931167883493167
20170421,3.07,3.07,3.07,3.07,0.0,0.6931167883493168
20170424,3.07,3.07,3.07,3.07,0.0,0.6931167883493167
20170425,3.07,3.07,3.07,3.07,0.0,0.6931167883493167
20170426,3.07,3.07,3.07,3.07,0.0,0.6931167883493167
20170427,3.07,3.07,3.07,3.07,0.0,0.6931167883493167
20170428,3.07,3.07,3.07,3.07,0.0,0.6931167883493166
20170502,3.07,3.07,3.07,3.07,0.0,0.6931167883493166
20170503,3.07,3.07,3.07,3.07,0.0,0.6931167883493167
20170504,3.07,3.07,3.07,3.07,0.0,0.6931167883493166
20170505,3.07,3.07,3.07,3.07,0.0,0.6931167883493167
20170508,3.07,3.07,3.07,3.07,0.0,0.6931167883493166
20170509,3.07,3.07,3.07,3.07,0.0,0.6931167883493166
20170510,3.07,3.07,3.07,3.07,0.0,0.6931167883493166
20170511,3.07,3.07,3.07,3.07,0.0,0.6931167883493164
20170512,3.07,3.07,3.07,3.07,0.0,0.6931167883493166
20170515,3.07,3.07,3.07,3.07,0.0,0.6931167883493164
20170516,3.07,3.07,3.07,3.07,0.0,0.6931167883493166
20170517,3.07,3.07,3.07,3.07,0.0,0.6931167883493164
20170518,3.07,3.07,3.07,3.07,0.0,0.6931167883493166
20170519,3.07,3.07,3.07,3.07,0.0,0.6931167883493164
20170522,3.07,3.07,3.07,3.07,0.0,0.6931167883493166
20170523,3.07,3.07,3.07,3.07,0.0,0.6931167883493164
20170524,3.07,3.07,3.07,3.07,0.0,0.6931167883493166
20170525,3.07,3.07,3.07,3.07,0.0,0.6931167883493166
20170526,3.07,3.07,3.07,3.07,0.0,0.6931167883493167
20170531,3.07,3.07,3.07,3.07,0.0,0.6931167883493166
20170601,3.07,3.07,3.07,3.07,0.0,0.6931167883493166
20170602,3.07,3.07,3.07,3.07,0.0,0.6931167883493167
20170605,3.07,3.07,3.07,3.07,0.0,0.6931167883493166
20170606,3.07,3.07,3.07,3.07,0.0,0.6931167883493166
20170607,3.07,3.07,3.07,3.07,0.0,0.6931167883493167
20170608,3.07,3.07,3.07,3.07,0.0,0.6931167883493167
20170609,3.07,3.07,3.07,3.07,0.0,0.6931167883493167
20170612,3.07,3.07,3.07,3.07,0.0,0.6931167883493166
20170613,3.07,3.07,3.07,3.07,0.0,0.6931167883493167
20170614,3.07,3.07,3.07,3.07,0.0,0.6931167883493167
20170615,3.07,3.07,3.07,3.07,0.0,0.6931167883493167
20170616,3.07,3.07,3.07,3.07,0.0,0.6931167883493167
20170619,3.07,3.07,3.07,3.07,0.0,0.6931167883493167
20170620,3.07,3.07,3.07,3.07,0.0,0.6931167883493166
20170621,3.07,3.07,3.07,3.07,0.0,0.6931167883493166
20170622,3.07,3.07,3.07,3.07,0.0,0.6931167883493167
20170623,3.07,3.07,3.07,3.07,0.0,0.6931167883493166
20170626,3.07,3.07,3.07,3.07,0.0,0.6931167883493166
20170627,3.07,3.07,3.07,3.07,0.0,0.6931167883493166
20170628,3.07,3.07,3.07,3.07,0.0,0.6931167883493166
20170629,3.07,3.07,3.07,3.07,0.0,0.6931167883493166
20170630,3.07,3.07,3.07,3.07,0.0,0.6931167883493166
20170703,3.07,3.07,3.07,3.07,0.0,0.6931167883493166
20170704,3.07,3.07,3.07,3.07,0.0,0.6931167883493166
20170705,3.07,3.07,3.07,3.07,0.0,0.6931167883493167
20170706,3.07,3.07,3.07,3.07,0.0,0.6931167883493167
20170707,3.07,3.07,3.07,3.07,0.0,0.6931167883493167
20170710,3.07,3.07,3.07,3.07,0.0,0.6931167883493167
20170711,3.07,3.07,3.07,3.07,0.0,0.6931167883493167
20170712,3.07,3.07,3.07,3.07,0.0,0.6931167883493167
20170713,3.07,3.07,3.07,3.07,0.0,0.6931167883493168
20170714,3.07,3.07,3.07,3.07,0.0,0.6931167883493167
20170717,3.07,3.07,3.07,3.07,0.0,0.6931167883493168
20170718,3.07,3.07,3.07,3.07,0.0,0.6931167883493167
20170719,3.07,3.07,3.07,3.07,0.0,0.6931167883493168
20170720,3.07,3.07,3.07,3.07,0.0,0.6931167883493168
20170721,3.07,3.07,3.07,3.07,0.0,0.6931167883493167
20170724,3.07,3.07,3.07,3.07,0.0,0.6931167883493168
20170725,3.07,3.07,3.07,3.07,0.0,0.6931167883493168
20170726,3.07,3.07,3.07,3.07,0.0,0.6931167883493168
20170727,3.07,3.07,3.07,3.07,0.0,0.6931167883493168
20170728,3.07,3.07,3.07,3.07,0.0,0.6931167883493167
20170731,3.07,3.07,3.07,3.07,0.0,0.6931167883493168
20170801,3.07,3.07,3.07,3.07,0.0,0.6931167883493168
20170802,3.07,3.07,3.07,3.07,0.0,0.6931167883493168
20170803,3.07,3.07,3.07,3.07,0.0,0.6931167883493168
20170804,3.07,3.07,3.07,3.07,0.0,0.6931167883493168
20170807,3.07,3.07,3.07,3.07,0.0,0.6931167883493168
20170808,3.07,3.07,3.07,3.07,0.0,0.6931167883493168
20170809,3.07,3.07,3.07,3.07,0.0,0.6931167883493168
20170810,3.07,3.07,3.07,3.07,0.0,0.6931167883493168
20170811,3.07,3.07,3.07,3.07,0.0,0.6931167883493168
20170814,3.07,3.07,3.07,3.07,0.0,0.6931167883493168
20170815,3.07,3.07,3.07,3.07,0.0,0.6931167883493168
20170816,3.07,3.07,3.07,3.07,0.0,0.6931167883493168
20170817,3.07,3.07,3.07,3.07,0.0,0.6931167883493168
20170818,3.07,3.07,3.07,3.07,0.0,0.6931167883493168
20170821,3.07,3.07,3.07,3.07,0.0,0.6931167883493168
20170822,3.07,3.07,3.07,3.07,0.0,0.6931167883493168
20170823,3.07,3.07,3.07,3.07,0.0,0.6931167883493168
20170824,3.07,3.07,3.07,3.07,0.0,0.6931167883493168
20170825,3.07,3.07,3.07,3.07,0.0,0.6931167883493168
20170828,3.07,3.07,3.07,3.07,0.0,0.6931167883493168
20170829,3.07,3.07,3.07,3.07,0.0,0.693116788349317
20170830,3.07,3.07,3.07,3.07,0.0,0.6931167883493168
20170831,3.07,3.07,3.07,3.07,0.0,0.693116788349317
20170901,3.07,3.07,3.07,3.07,0.0,0.6931167883493168
20170904,3.07,3.07,3.07,3.07,0.0,0.693116788349317
20170905,3.07,3.07,3.07,3.07,0.0,0.693116788349317
20170906,3.07,3.07,3.07,3.07,0.0,0.693116788349317
20170907,3.07,3.07,3.07,3.07,0.0,0.693116788349317
20170908,3.07,3.07,3.07,3.07,0.0,0.693116788349317
20170911,3.07,3.07,3.07,3.07,0.0,0.6931167883493168
20170912,3.07,3.07,3.07,3.07,0.0,0.6931167883493168
20170913,3.07,3.07,3.07,3.07,0.0,0.693116788349317
20170914,3.07,3.07,3.07,3.07,0.0,0.6931167883493168
20170915,3.07,3.07,3.07,3.07,0.0,0.693116788349317
20170918,3.07,3.07,3.07,3.07,0.0,0.6931167883493168
20170919,3.07,3.07,3.07,3.07,0.0,0.693116788349317
20170920,3.07,3.07,3.07,3.07,0.0,0.693116788349317
20170921,3.07,3.07,3.07,3.07,0.0,0.6931167883493168
20170922,3.07,3.07,3.07,3.07,0.0,0.6931167883493168
20170925,3.07,3.07,3.07,3.07,0.0,0.6931167883493168
20170926,3.07,3.07,3.07,3.07,0.0,0.693116788349317
20170927,3.07,3.07,3.07,3.07,0.0,0.6931167883493168
20170928,3.07,3.07,3.07,3.07,0.0,0.693116788349317
20170929,3.07,3.07,3.07,3.07,0.0,0.693116788349317
20171009,3.07,3.07,3.07,3.07,0.0,0.6931167883493168
20171010,3.07,3.07,3.07,3.07,0.0,0.6931167883493168
20171011,3.07,3.07,3.07,3.07,0.0,0.6931167883493168
20171012,3.07,3.07,3.07,3.07,0.0,0.6931167883493168
20171013,3.07,3.07,3.07,3.07,0.0,0.6931167883493168
20171016,3.07,3.07,3.07,3.07,0.0,0.6931167883493168
20171017,3.07,3.07,3.07,3.07,0.0,0.6931167883493168
20171018,3.07,3.07,3.07,3.07,0.0,0.6931167883493168
20171019,3.07,3.07,3.07,3.07,0.0,0.6931167883493168
20171020,3.07,3.07,3.07,3.07,0.0,0.6931167883493168
20171023,3.07,3.07,3.07,3.07,0.0,0.6931167883493168
20171024,3.07,3.07,3.07,3.07,0.0,0.6931167883493168
20171025,3.07,3.07,3.07,3.07,0.0,0.6931167883493168
20171026,3.07,3.07,3.07,3.07,0.0,0.6931167883493168
20171027,3.07,3.07,3.07,3.07,0.0,0.6931167883493168
20171030,3.07,3.07,3.07,3.07,0.0,0.6931167883493168
20171031,3.07,3.07,3.07,3.07,0.0,0.6931167883493168
20171101,3.07,3.07,3.07,3.07,0.0,0.6931167883493168
20171102,3.07,3.07,3.07,3.07,0.0,0.6931167883493168
20171103,3.07,3.07,3.07,3.07,0.0,0.6931167883493168
20171106,3.07,3.07,3.07,3.07,0.0,0.6931167883493168
20171107,3.07,3.07,3.07,3.07,0.0,0.6931167883493168
20171108,3.07,3.07,3.07,3.07,0.0,0.6931167883493168
20171109,3.07,3.07,3.07,3.07,0.0,0.6931167883493168
20171110,3.07,3.07,3.07,3.07,0.0,0.6931167883493168
20171113,3.07,3.07,3.07,3.07,0.0,0.6931167883493168
20171114,3.07,3.07,3.07,3.07,0.0,0.6931167883493168
20171115,3.07,3.07,3.07,3.07,0.0,0.6931167883493168
20171116,3.07,3.07,3.07,3.07,0.0,0.6931167883493168
20171117,3.07,3.07,3.07,3.07,0.0,0.6931167883493168
20171120,3.07,3.07,3.07,3.07,0.0,0.6931167883493168
20171121,3.07,3.07,3.07,3.07,0.0,0.6931167883493168
20171122,3.07,3.07,3.07,3.07,0.0,0.6931167883493168
20171123,3.07,3.07,3.07,3.07,0.0,0.6931167883493168
20171124,3.07,3.07,3.07,3.07,0.0,0.6931167883493168
20171127,3.07,3.07,3.07,3.07,0.0,0.6931167883493168
20171128,3.07,3.07,3.07,3.07,0.0,0.6931167883493168
20171129,3.07,3.07,3.07,3.07,0.0,0.6931167883493168
20171130,3.07,3.07,3.07,3.07,0.0,0.6931167883493168
20171201,3.07,3.07,3.07,3.07,0.0,0.6931167883493168
20171204,3.07,3.07,3.07,3.07,0.0,0.6931167883493168
20171205,3.07,3.07,3.07,3.07,0.0,0.6931167883493168
20171206,3.07,3.07,3.07,3.07,0.0,0.6931167883493168
20171207,3.07,3.07,3.07,3.07,0.0,0.6931167883493168
20171208,3.07,3.07,3.07,3.07,0.0,0.6931167883493168
20171211,3.07,3.07,3.07,3.07,0.0,0.6931167883493168
20171212,3.07,3.07,3.07,3.07,0.0,0.6931167883493168
20171213,3.07,3.07,3.07,3.07,0.0,0.6931167883493168
20171214,3.07,3.07,3.07,3.07,0.0,0.6931167883493168
20171215,3.07,3.07,3.07,3.07,0.0,0.6931167883493168
20171218,3.07,3.07,3.07,3.07,0.0,0.6931167883493168
20171219,3.07,3.07,3.07,3.07,0.0,0.6931167883493168
20171220,3.07,3.07,3.07,3.07,0.0,0.6931167883493168
20171221,3.07,3.07,3.07,3.07,0.0,0.6931167883493168
20171222,3.07,3.07,3.07,3.07,0.0,0.6931167883493168
20171225,3.07,3.07,3.07,3.07,0.0,0.6931167883493168
20171226,3.07,3.07,3.07,3.07,0.0,0.6931167883493168
20171227,3.07,3.07,3.07,3.07,0.0,0.6931167883493168
20171228,3.07,3.07,3.07,3.07,0.0,0.6931167883493168
20171229,3.07,3.07,3.07,3.07,0.0,0.6931167883493168
20180102,3.07,3.07,3.07,3.07,0.0,0.6931167883493168
20180103,3.07,3.07,3.07,3.07,0.0,0.6931167883493168
20180104,3.07,3.07,3.07,3.07,0.0,0.6931167883493168
20180105,3.07,3.07,3.07,3.07,0.0,0.6931167883493168
20180108,3.07,3.07,3.07,3.07,0.0,0.693116788349317
20180109,3.07,3.07,3.07,3.07,0.0,0.6931167883493168
20180110,3.07,3.07,3.07,3.07,0.0,0.0
20180111,3.07,3.07,3.07,3.07,0.0,0.0
20180112,3.07,3.07,3.07,3.07,0.0,0.0
20180115,3.07,3.07,3.07,3.07,0.0,0.0
20180116,3.07,3.07,3.07,3.07,0.0,0.0
20180117,3.07,3.07,3.07,3.07,0.0,0.0
20180118,3.07,3.07,3.07,3.07,0.0,0.0
20180119,3.07,3.07,3.07,3.07,0.0,0.0
20180122,3.07,3.07,3.07,3.07,0.0,0.0
20180123,3.07,3.07,3.07,3.07,0.0,0.0
20180124,3.07,3.07,3.07,3.07,0.0,0.0
20180125,3.07,3.07,3.07,3.07,0.0,0.0
20180126,3.07,3.07,3.07,3.07,0.0,0.0
20180129,3.07,3.07,3.07,3.07,0.0,0.0
20180130,3.07,3.07,3.07,3.07,0.0,0.0
20180131,3.07,3.07,3.07,3.07,0.0,0.0
20180201,3.07,3.07,3.07,3.07,0.0,0.0
20180202,3.07,3.07,3.07,3.07,0.0,0.0
20180205,3.07,3.07,3.07,3.07,0.0,0.0
20180206,3.07,3.07,3.07,3.07,0.0,0.0
20180207,3.07,3.07,3.07,3.07,0.0,0.0
20180208,3.07,3.07,3.07,3.07,0.0,0.0
20180209,3.07,3.07,3.07,3.07,0.0,0.0
20180212,3.07,3.07,3.07,3.07,0.0,0.0
20180213,3.07,3.07,3.07,3.07,0.0,0.0
20180214,3.07,3.07,3.07,3.07,0.0,0.0
20180222,3.07,3.07,3.07,3.07,0.0,0.0
20180223,3.07,3.07,3.07,3.07,0.0,0.0
20180226,3.07,3.07,3.07,3.07,0.0,0.0
20180227,3.07,3.07,3.07,3.07,0.0,0.0
20180228,3.07,3.07,3.07,3.07,0.0,0.0
20180301,3.07,3.07,3.07,3.07,0.0,0.0
20180302,3.07,3.07,3.07,3.07,0.0,0.0
20180305,3.07,3.07,3.07,3.07,0.0,0.0
20180306,3.07,3.07,3.07,3.07,0.0,0.0
20180307,3.07,3.07,3.07,3.07,0.0,0.0
20180308,3.07,3.07,3.07,3.07,0.0,0.0
20180309,3.07,3.07,3.07,3.07,0.0,0.0
20180312,3.07,3.07,3.07,3.07,0.0,0.0
20180313,3.07,3.07,3.07,3.07,0.0,0.0
20180314,3.07,3.07,3.07,3.07,0.0,0.0
20180315,3.07,3.07,3.07,3.07,0.0,0.0
20180316,3.07,3.07,3.07,3.07,0.0,0.0
20180319,3.07,3.07,3.07,3.07,0.0,0.0
20180320,3.07,3.07,3.07,3.07,0.0,0.0
20180321,3.07,3.07,3.07,3.07,0.0,0.0
20180322,3.07,3.07,3.07,3.07,0.0,0.0
20180323,3.07,3.07,3.07,3.07,0.0,0.0
20180326,3.07,3.07,3.07,3.07,0.0,0.0
20180327,3.07,3.07,3.07,3.07,0.0,0.0
20180328,3.07,3.07,3.07,3.07,0.0,0.0
20180329,3.07,3.07,3.07,3.07,0.0,0.0
20180330,3.07,3.07,3.07,3.07,0.0,0.0
20180402,3.07,3.07,3.07,3.07,0.0,0.0
20180403,3.07,3.07,3.07,3.07,0.0,0.0
20180404,3.07,3.07,3.07,3.07,0.0,0.0
20180409,3.07,3.07,3.07,3.07,0.0,0.0
20180410,3.07,3.07,3.07,3.07,0.0,0.0
20180411,3.07,3.07,3.07,3.07,0.0,0.0
20180412,3.07,3.07,3.07,3.07,0.0,0.0
20180413,3.07,3.07,3.07,3.07,0.0,0.0
20180416,3.07,3.07,3.07,3.07,0.0,0.0
20180417,3.07,3.07,3.07,3.07,0.0,0.0
20180418,3.07,3.07,3.07,3.07,0.0,0.0
20180419,3.07,3.07,3.07,3.07,0.0,0.0
20180420,3.07,3.07,3.07,3.07,0.0,0.0
20180423,3.07,3.07,3.07,3.07,0.0,0.0
20180424,3.07,3.07,3.07,3.07,0.0,0.0
20180425,3.07,3.07,3.07,3.07,0.0,0.0
20180426,3.07,3.07,3.07,3.07,0.0,0.0
20180427,3.07,3.07,3.07,3.07,0.0,0.0
20180502,3.07,3.07,3.07,3.07,0.0,0.0
20180503,3.07,3.07,3.07,3.07,0.0,0.0
20180504,3.07,3.07,3.07,3.07,0.0,0.0
20180507,3.07,3.07,3.07,3.07,0.0,0.0
20180508,3.07,3.07,3.07,3.07,0.0,0.0
20180509,3.07,3.07,3.07,3.07,0.0,0.0
20180510,3.07,3.07,3.07,3.07,0.0,0.0
20180511,3.07,3.07,3.07,3.07,0.0,0.0
20180514,3.07,3.07,3.07,3.07,0.0,0.0
20180515,3.07,3.07,3.07,3.07,0.0,0.0
20180516,3.07,3.07,3.07,3.07,0.0,0.0
20180517,3.07,3.07,3.07,3.07,0.0,0.0
20180518,3.07,3.07,3.07,3.07,0.0,0.0
20180521,3.07,3.07,3.07,3.07,0.0,0.0
20180522,3.07,3.07,3.07,3.07,0.0,0.0
20180523,3.07,3.07,3.07,3.07,0.0,0.0
20180524,3.07,3.07,3.07,3.07,0.0,0.0
20180525,3.07,3.07,3.07,3.07,0.0,0.0
20180528,3.07,3.07,3.07,3.07,0.0,0.0
20180529,3.07,3.07,3.07,3.07,0.0,0.0
20180530,3.07,3.07,3.07,3.07,0.0,0.0
20180531,3.07,3.07,3.07,3.07,0.0,0.0
20180601,3.07,3.07,3.07,3.07,0.0,0.0
20180604,3.07,3.07,3.07,3.07,0.0,0.0
20180605,3.07,3.07,3.07,3.07,0.0,0.0
20180606,3.07,3.07,3.07,3.07,0.0,0.0
20180607,3.07,3.07,3.07,3.07,0.0,0.0
20180608,3.07,3.07,3.07,3.07,0.0,0.0
20180611,3.07,3.07,3.07,3.07,0.0,0.0
20180612,3.07,3.07,3.07,3.07,0.0,0.0
20180613,3.07,3.07,3.07,3.07,0.0,0.0
20180614,3.07,3.07,3.07,3.07,0.0,0.0
20180615,3.07,3.07,3.07,3.07,0.0,0.0
20180619,3.07,3.07,3.07,3.07,0.0,0.0
20180620,3.07,3.07,3.07,3.07,0.0,0.0
20180621,3.07,3.07,3.07,3.07,0.0,0.0
20180622,3.07,3.07,3.07,3.07,0.0,0.0
20180625,3.07,3.07,3.07,3.07,0.0,0.0
20180626,3.07,3.07,3.07,3.07,0.0,0.0
20180627,3.07,3.07,3.07,3.07,0.0,0.0
20180628,3.07,3.07,3.07,3.07,0.0,0.0
20180629,3.07,3.07,3.07,3.07,0.0,0.0
20180702,3.07,3.07,3.07,3.07,0.0,0.0
20180703,3.07,3.07,3.07,3.07,0.0,0.0
20180704,3.07,3.07,3.07,3.07,0.0,0.0
20180705,3.07,3.07,3.07,3.07,0.0,0.0
20180706,3.07,3.07,3.07,3.07,0.0,0.0
20180709,3.07,3.07,3.07,3.07,0.0,0.0
20180710,3.07,3.07,3.07,3.07,0.0,0.0
20180711,3.07,3.07,3.07,3.07,0.0,0.0
20180712,3.07,3.07,3.07,3.07,0.0,0.0
20180713,3.07,3.07,3.07,3.07,0.0,0.0
20180716,3.07,3.07,3.07,3.07,0.0,0.0
20180717,3.07,3.07,3.07,3.07,0.0,0.0
20180718,3.07,3.07,3.07,3.07,0.0,0.0
20180719,3.07,3.07,3.07,3.07,0.0,0.0
20180720,3.07,3.07,3.07,3.07,0.0,0.0
20180723,3.07,3.07,3.07,3.07,0.0,0.0
20180724,3.07,3.07,3.07,3.07,0.0,0.0
20180725,3.07,3.07,3.07,3.07,0.0,0.0
20180726,3.07,3.07,3.07,3.07,0.0,0.0
20180727,3.07,3.07,3.07,3.07,0.0,0.0
20180730,3.07,3.07,3.07,3.07,0.0,0.0
20180731,3.07,3.07,3.07,3.07,0.0,0.0
20180801,3.07,3.07,3.07,3.07,0.0,0.0
20180802,3.07,3.07,3.07,3.07,0.0,0.0
20180803,3.07,3.07,3.07,3.07,0.0,0.0
20180806,3.07,3.07,3.07,3.07,0.0,0.0
20180807,3.07,3.07,3.07,3.07,0.0,0.0
20180808,3.07,3.07,3.07,3.07,0.0,0.0
20180809,3.07,3.07,3.07,3.07,0.0,0.0
20180810,3.07,3.07,3.07,3.07,0.0,0.0
20180813,3.07,3.07,3.07,3.07,0.0,0.0
20180814,3.07,3.07,3.07,3.07,0.0,0.0
20180815,3.07,3.07,3.07,3.07,0.0,0.0
20180816,3.07,3.07,3.07,3.07,0.0,0.0
20180817,3.07,3.07,3.07,3.07,0.0,0.0
20180820,3.07,3.07,3.07,3.07,0.0,0.0
20180821,3.07,3.07,3.07,3.07,0.0,0.0
20180822,3.07,3.07,3.07,3.07,0.0,0.0
20180823,3.07,3.07,3.07,3.07,0.0,0.0
20180824,4.41,3.7,3.7,3.84,6730853.0,0.9999999999999146
20180827,3.67,3.56,3.46,3.47,4128455.0,0.6560805577072109
20180828,3.59,3.56,3.36,3.46,2777325.0,0.649494597420712
20180829,3.37,3.36,3.16,3.23,3224326.0,0.5188190686396357
20180830,3.24,3.23,3.06,3.07,2351319.0,0.4500957198552628
20180831,3.12,3.02,3.0,3.03,1645554.0,0.4344025972811615
20180903,3.06,3.03,2.92,2.98,1602518.0,0.414686413210117
20180904,3.02,2.96,2.92,2.99,1587565.0,0.42042570261663514
20180905,2.97,2.96,2.88,2.89,1301768.0,0.3797989727845672
20180906,2.91,2.87,2.8,2.81,1126734.0,0.35026023146140817
20180907,3.05,2.83,2.83,2.93,2354874.0,0.42361535043696735
20180910,2.98,2.96,2.86,2.89,1206673.0,0.40690996101631105
20180911,2.91,2.87,2.78,2.83,1094772.0,0.38224360672865415
20180912,2.86,2.83,2.8,2.83,765294.0,0.3822436067286541
20180913,3.1,2.86,2.83,3.04,2191498.0,0.5067791311086949
20180914,3.03,3.0,2.96,2.97,1218059.0,0.472166212759194
20180917,3.08,2.96,2.9,2.98,1297302.0,0.4777253698484599
20180918,3.28,2.98,2.97,3.28,2725769.0,0.6116005760276653
20180919,3.61,3.37,3.29,3.6,5982089.0,0.7008345039269962
20180920,3.88,3.6,3.58,3.65,5470093.0,0.7121087743765577
20180921,3.81,3.7,3.55,3.75,4185939.0,0.7339817064912134
20180925,3.83,3.7,3.67,3.79,2719048.0,0.7425180887178817
20180926,3.82,3.79,3.68,3.76,2600523.0,0.723522011678931
20180927,4.14,3.86,3.84,4.14,3722982.0,0.7957333327201881
20180928,4.55,4.3,4.21,4.43,5202336.0,0.8322168040613083
20181008,4.61,4.45,4.36,4.42,3765519.0,0.8266626549841045
20181009,4.43,4.37,4.22,4.31,3174613.0,0.7653666941620102
20181010,4.44,4.41,4.14,4.19,3372406.0,0.7033049030303373
20181011,4.26,4.04,3.9,4.04,4102689.0,0.6332804970755541
20181012,4.22,4.09,4.01,4.13,3087715.0,0.6557172915769605
20181015,4.06,4.0,3.72,3.72,4172709.0,0.5028282439840956
20181016,3.75,3.69,3.47,3.64,3499720.0,0.4790523213431063
20181017,3.67,3.65,3.41,3.59,2797485.0,0.4640903495790677
20181018,3.72,3.53,3.48,3.53,2510380.0,0.4458608386484101
20181019,3.88,3.49,3.42,3.81,3708078.0,0.5382063478393313
20181022,4.19,3.75,3.73,4.09,3790493.0,0.609244353507416
20181023,4.24,4.06,3.93,3.99,3262306.0,0.5747946080927516
20181024,4.07,3.97,3.87,3.98,2285680.0,0.571270696436651
20181025,3.83,3.8,3.58,3.74,3009450.0,0.49225674127630137
20181026,3.81,3.8,3.65,3.69,1695098.0,0.4772543973826824
20181029,3.66,3.6,3.51,3.59,1184786.0,0.44749820883202707
20181030,3.95,3.6,3.57,3.95,3087193.0,0.5561736692668195
20181031,4.12,4.03,3.91,3.92,3208533.0,0.5464031353612566
20181101,4.03,3.95,3.83,3.86,2444675.0,0.5262331925694588
20181102,4.19,3.88,3.88,4.07,3600436.0,0.5847591066771742
20181105,4.07,4.0,3.9,4.05,2417160.0,0.577349053995255
20181106,4.15,4.03,3.99,4.12,2008239.0,0.5968547929507045
20181107,4.3,4.14,4.01,4.02,2774528.0,0.5568072423543353
20181108,4.1,4.07,3.9,3.95,2028531.0,0.5296680065189732
20181109,3.96,3.92,3.83,3.93,1218609.0,0.5217417369983461
20181112,3.94,3.87,3.84,3.91,1613729.0,0.5133611079262397
20181113,4.05,3.82,3.76,3.97,2602574.0,0.5376656273250099
20181114,3.97,3.91,3.84,3.85,1601365.0,0.48483423480315097
20181115,3.89,3.82,3.8,3.85,1132323.0,0.484834234803151
20181116,3.9,3.84,3.81,3.81,1298047.0,0.4666446839844488
20181119,3.88,3.78,3.7,3.86,1389289.0,0.4926029232338421
20181120,3.84,3.81,3.71,3.71,1113919.0,0.4249204727296699
20181121,3.83,3.64,3.6,3.76,1486993.0,0.4522857849953226
20181122,3.74,3.74,3.65,3.67,883700.0,0.4136356081450907
20181123,3.66,3.65,3.45,3.47,1300253.0,0.34265067389074355
20181126,3.51,3.45,3.35,3.36,999739.0,0.31066257338036884
20181127,3.43,3.39,3.32,3.38,816000.0,0.3231947484432914
20181128,3.45,3.37,3.3,3.44,804007.0,0.3612021232755275
20181129,3.6,3.47,3.44,3.44,1221347.0,0.3612021232755275
20181130,3.47,3.4,3.34,3.46,681438.0,0.37512262290147513
20181203,3.6,3.57,3.49,3.53,1031807.0,0.42312162653233254
20181204,3.58,3.52,3.49,3.53,783870.0,0.4231216265323326
20181205,3.5,3.42,3.4,3.44,795058.0,0.3786212214919306
20181206,3.42,3.41,3.35,3.35,636231.0,0.33965202030178465
20181207,3.39,3.34,3.34,3.36,359632.0,0.3477887684933936
20181210,3.35,3.33,3.26,3.27,569057.0,0.3102545596792218
20181211,3.31,3.3,3.23,3.31,617876.0,0.3445515714402882
20181212,3.31,3.3,3.26,3.27,359244.0,0.3268231984256941
20181213,3.34,3.28,3.24,3.31,713656.0,0.3626010728157343
20181214,3.3,3.3,3.19,3.2,640094.0,0.31273718160194386
20181217,3.19,3.15,3.04,3.13,635995.0,0.28548310861811466
20181218,3.14,3.1,3.07,3.12,466309.0,0.2816578198018164
20181219,3.32,3.13,3.07,3.25,1103241.0,0.3963648970473755
20181220,3.28,3.2,3.18,3.23,715321.0,0.38601958976931017
20181221,3.29,3.23,3.2,3.25,725793.0,0.4030176080472394
20181224,3.25,3.21,3.15,3.19,555011.0,0.36953571453132183
20181225,3.14,3.14,3.04,3.1,678210.0,0.3253110430171777
20181226,3.12,3.1,3.07,3.09,366619.0,0.32065948607871897
20181227,3.15,3.13,2.99,3.0,508167.0,0.28118450023182395
20181228,3.03,3.01,2.95,3.0,461464.0,0.28118450023182395
20190102,3.02,3.01,2.97,2.99,295409.0,0.27668057499632887
20190103,3.16,2.99,2.96,3.11,945718.0,0.4020602232780048
20190104,3.18,3.06,3.05,3.16,904128.0,0.4457313645612054
20190107,3.23,3.18,3.13,3.19,806165.0,0.4710194867745645
20190108,3.17,3.17,3.12,3.13,569513.0,0.42837713786266723
20190109,3.19,3.14,3.11,3.12,587107.0,0.4214400788422203
20190110,3.15,3.11,3.08,3.09,530642.0,0.4002287812706232
20190111,3.11,3.07,3.07,3.09,361087.0,0.4002287812706232
20190114,3.39,3.09,3.07,3.3,1895573.0,0.5774123269980487
20190115,3.3,3.26,3.22,3.29,962248.0,0.5686850483360613
20190116,3.42,3.29,3.27,3.33,1021265.0,0.5953719024337242
20190117,3.36,3.31,3.26,3.26,744172.0,0.5324750722756825
20190118,3.4,3.26,3.26,3.37,1256109.0,0.6041621600249375
20190121,3.42,3.38,3.32,3.36,915136.0,0.5951125236013163
20190122,3.59,3.45,3.39,3.42,1741469.0,0.6312645248822285
20190123,3.4,3.38,3.3,3.32,1000976.0,0.5430962899778119
20190124,3.3,3.3,3.22,3.25,768661.0,0.49075416419442613
20190125,3.29,3.26,3.23,3.25,609104.0,0.49075416419442613
20190128,3.3,3.27,3.23,3.28,528217.0,0.5146137199700916
20190129,3.31,3.26,3.24,3.3,644278.0,0.5306081124396743
20190130,3.39,3.29,3.28,3.31,736862.0,0.5388958848320589
20190131,3.32,3.3,3.15,3.15,868001.0,0.4119418083199465
20190201,3.21,3.17,3.15,3.2,616734.0,0.45565892145284237
20190211,3.29,3.24,3.23,3.28,649624.0,0.5181797549426108
20190212,3.31,3.28,3.24,3.29,773521.0,0.5256097407900853
20190213,3.44,3.29,3.28,3.38,1293016.0,0.5879893256953436
20190214,3.37,3.37,3.32,3.34,790319.0,0.5527489380369732
20190215,3.4,3.34,3.32,3.35,857002.0,0.5599419335752369
20190218,3.44,3.36,3.36,3.42,1145783.0,0.6080754390676381
20190219,3.7,3.43,3.38,3.57,2142080.0,0.6878819275046915
20190220,3.64,3.52,3.5,3.54,1356700.0,0.6586208862199884
20190221,3.57,3.51,3.46,3.48,1247611.0,0.6026856725782076
20190222,3.53,3.45,3.41,3.52,1173960.0,0.6257984775236742
20190225,3.72,3.51,3.49,3.67,2261493.0,0.6977318797747384
20190226,3.89,3.65,3.59,3.69,2800718.0,0.7059537016877335
20190227,3.76,3.65,3.6,3.64,1626422.0,0.6572006010068074
20190228,3.69,3.65,3.61,3.68,932760.0,0.6766868369334779
20190301,3.7,3.65,3.63,3.67,816627.0,0.6663562979509666
20190304,3.83,3.7,3.64,3.68,2142829.0,0.6718218430825026
20190305,3.69,3.64,3.61,3.68,1500331.0,0.6718218430825026
20190306,4.03,3.68,3.67,3.9,4029901.0,0.7703272114469215
20190307,4.01,3.83,3.8,3.91,3118996.0,0.7736955000635962
20190308,3.83,3.83,3.56,3.63,2481465.0,0.5343321508473914
20190311,3.72,3.62,3.61,3.71,1202508.0,0.5752868557107174
20190312,3.78,3.75,3.66,3.72,1427061.0,0.5803200574047006
20190313,3.71,3.71,3.62,3.63,999288.0,0.5198353590425933
20190314,3.69,3.61,3.53,3.55,1066385.0,0.4721191838856369
20190315,3.62,3.57,3.55,3.6,811261.0,0.5032106136849229
20190318,3.72,3.6,3.6,3.71,1210129.0,0.5647377943571393
20190319,3.72,3.7,3.65,3.67,888459.0,0.538291310316302
20190320,3.69,3.68,3.62,3.69,865721.0,0.5497911989604003
20190321,3.78,3.68,3.67,3.71,1207957.0,0.561700469282803
20190322,3.76,3.69,3.63,3.75,1032102.0,0.5856166603981169
20190325,3.83,3.69,3.66,3.77,1307833.0,0.5975935623618234
20190326,3.82,3.8,3.63,3.64,1210613.0,0.49594958374805737
20190327,3.66,3.66,3.54,3.58,825830.0,0.45682729538773886
20190328,3.55,3.54,3.48,3.49,805394.0,0.404600545131219
20190329,3.58,3.5,3.47,3.56,835760.0,0.4572490057410656
20190401,3.78,3.59,3.58,3.72,1515726.0,0.5553005319751753
20190402,3.79,3.72,3.66,3.75,1704634.0,0.571147687482506
20190403,3.96,3.83,3.8,3.81,2456736.0,0.6020857265904522
20190404,3.95,3.79,3.78,3.86,2088018.0,0.6265760495177988
20190408,4.03,3.91,3.87,3.99,3096760.0,0.6820757411725495
20190409,3.95,3.95,3.83,3.86,1845604.0,0.5869160642910951
20190410,3.84,3.82,3.75,3.8,1261887.0,0.5483940035761512
20190411,3.93,3.86,3.8,3.82,1635067.0,0.5589213013031524
20190412,3.81,3.79,3.72,3.78,908150.0,0.5318704092594698
20190415,3.88,3.86,3.73,3.74,986127.0,0.5051968993711221
20190416,3.82,3.72,3.65,3.81,1218720.0,0.5484308763277864
20190417,3.81,3.79,3.77,3.78,874064.0,0.5269061414688205
20190418,3.81,3.77,3.75,3.77,709188.0,0.519491979552849
20190419,3.92,3.77,3.73,3.91,1870701.0,0.604489043006793
20190422,3.94,3.9,3.78,3.8,1413211.0,0.5249032174430207
20190423,3.81,3.78,3.7,3.73,817726.0,0.4809453200185032
20190424,3.78,3.74,3.71,3.78,622221.0,0.5127416841198172
20190425,3.81,3.8,3.65,3.65,936883.0,0.43684041015525915
20190426,3.65,3.63,3.57,3.58,660434.0,0.4018938044722147
20190429,3.6,3.58,3.46,3.48,644354.0,0.3573427771898547
20190430,3.56,3.49,3.49,3.55,423806.0,0.4074987100721772
20190506,3.49,3.49,3.22,3.32,1063907.0,0.31842197215430074
20190507,3.42,3.35,3.31,3.39,609019.0,0.36454141798796047
20190508,3.41,3.32,3.28,3.33,502116.0,0.342848756059536
20190509,3.35,3.3,3.28,3.3,402684.0,0.3320703477489748
20190510,3.38,3.33,3.2,3.36,698973.0,0.37494391292278917
20190513,3.33,3.31,3.28,3.3,401269.0,0.35040698481905463
20190514,3.38,3.25,3.23,3.33,551585.0,0.3727953169272996
20190515,3.37,3.34,3.31,3.35,567355.0,0.38813213757998904
20190516,3.45,3.34,3.33,3.4,918492.0,0.42638592296149497
20190517,3.4,3.39,3.25,3.27,746561.0,0.36216391763956024
20190520,3.28,3.26,3.19,3.25,426571.0,0.3532345764759548
20190521,3.37,3.25,3.23,3.34,716091.0,0.4230646445792254
20190522,3.41,3.34,3.3,3.32,727181.0,0.4122737511539073
20190523,3.3,3.29,3.23,3.23,486067.0,0.36639596738673136
20190524,3.24,3.21,3.18,3.19,437496.0,0.34763946482218905
20190527,3.27,3.19,3.17,3.27,430805.0,0.41318198958379865
20190528,3.29,3.25,3.22,3.24,403150.0,0.3968701208276398
20190529,3.34,3.22,3.21,3.29,820893.0,0.4372630266397713
20190530,3.37,3.26,3.24,3.34,925073.0,0.4755776043956714
20190531,3.38,3.31,3.29,3.32,788823.0,0.4618557287118164
20190603,3.36,3.32,3.24,3.35,839578.0,0.4861182057449512
20190604,3.32,3.32,3.25,3.26,478955.0,0.4236130850528286
20190605,3.31,3.29,3.24,3.24,385906.0,0.4108078231797269
20190606,3.26,3.25,3.21,3.22,325522.0,0.39769319978712403
20190610,3.26,3.22,3.21,3.24,345906.0,0.41796330690062544
20190611,3.39,3.24,3.24,3.36,958473.0,0.5230308106855472
20190612,3.49,3.32,3.32,3.4,1273863.0,0.5524116456798606
20190613,3.42,3.37,3.36,3.39,687060.0,0.5432846093356195
20190614,3.57,3.52,3.41,3.49,1881832.0,0.6130323542444165
20190617,3.84,3.5,3.45,3.75,3257146.0,0.7299895609459343
20190618,3.67,3.65,3.48,3.52,2198000.0,0.5651506864568691
20190619,3.57,3.55,3.46,3.49,1216287.0,0.5475570997779265
20190620,3.55,3.49,3.41,3.53,1186543.0,0.567156739265539
20190621,3.56,3.51,3.49,3.51,786604.0,0.5540648162298524
20190624,3.57,3.49,3.46,3.52,640523.0,0.559609753075737
20190625,3.51,3.51,3.41,3.43,654944.0,0.4987239348370587
20190626,3.46,3.42,3.4,3.43,317296.0,0.4987239348370586
20190627,3.46,3.43,3.41,3.43,354895.0,0.4987239348370587
20190628,3.43,3.43,3.36,3.39,397074.0,0.46926403237229797
20190701,3.47,3.44,3.42,3.47,536529.0,0.529856678760197
20190702,3.54,3.47,3.43,3.51,784332.0,0.5574176224024437
20190703,3.47,3.47,3.41,3.42,543340.0,0.4872994183322941
20190704,3.45,3.42,3.39,3.41,287508.0,0.4799809509299557
20190705,3.42,3.41,3.38,3.41,232382.0,0.47998095092995574
20190708,3.4,3.39,3.27,3.28,424244.0,0.38948393262846986
20190709,3.31,3.29,3.26,3.29,223373.0,0.3989929371259766
20190710,3.31,3.3,3.25,3.27,232008.0,0.3858797429586355
20190711,3.31,3.28,3.26,3.28,190024.0,0.3966950471713952
20190712,3.34,3.27,3.27,3.31,286744.0,0.42957231557954645
20190715,3.34,3.31,3.26,3.34,312582.0,0.4615809965097287
20190716,3.39,3.32,3.31,3.37,337318.0,0.49263895212875913
20190717,3.37,3.35,3.31,3.33,266628.0,0.45450446283494217
20190718,3.35,3.3,3.28,3.29,284268.0,0.4191122210316508
20190719,3.37,3.29,3.29,3.33,317891.0,0.4645944123464196
20190722,3.34,3.34,3.26,3.26,318196.0,0.4041787880098598
20190723,3.3,3.26,3.25,3.28,131538.0,0.42738778695729374
20190724,3.32,3.29,3.28,3.3,205077.0,0.45072860079884186
20190725,3.31,3.3,3.28,3.31,240620.0,0.46267537613579246
20190726,3.31,3.3,3.28,3.29,179210.0,0.4417138322380677
20190729,3.33,3.29,3.28,3.32,316066.0,0.4802460906990687
20190730,3.39,3.33,3.33,3.38,685984.0,0.5482704764717565
20190731,3.4,3.36,3.35,3.36,339413.0,0.5233625916934442
20190801,3.36,3.34,3.29,3.3,421668.0,0.4556209810846728
20190802,3.29,3.24,3.19,3.28,397281.0,0.4351400721619001
20190805,3.31,3.27,3.24,3.24,339407.0,0.39627489697058266
20190806,3.2,3.2,3.07,3.13,512312.0,0.3125321040936042
20190807,3.24,3.15,3.15,3.19,386836.0,0.38932297395009774
20190808,3.24,3.22,3.15,3.16,331755.0,0.366964615232131
20190809,3.19,3.18,3.11,3.11,284708.0,0.3322702709632189
20190812,3.13,3.1,3.08,3.13,228266.0,0.3587264063041804
20190813,3.11,3.11,3.08,3.09,195218.0,0.3301834139465999
20190814,3.13,3.12,3.09,3.1,225873.0,0.34440988295052805
20190815,3.12,3.07,3.03,3.1,291757.0,0.3444098829505281
20190816,3.12,3.1,3.08,3.09,197056.0,0.33591899883435544
20190819,3.14,3.1,3.08,3.14,397204.0,0.41463493639172627
20190820,3.17,3.13,3.12,3.13,402180.0,0.40418202734635506
20190821,3.13,3.12,3.09,3.1,249491.0,0.3733765375102657
20190822,3.12,3.1,3.09,3.1,177036.0,0.3733765375102658
20190823,3.11,3.11,3.08,3.09,206576.0,0.36241887804622286
20190826,3.07,3.03,3.03,3.05,256169.0,0.32127575280848264
20190827,3.1,3.06,3.05,3.08,289099.0,0.3789598340216944
20190828,3.11,3.08,3.07,3.08,283046.0,0.37895983402169436
20190829,3.09,3.08,3.06,3.06,260276.0,0.3550210244144126
20190830,3.08,3.07,3.02,3.03,331989.0,0.3217609980265495
20190902,3.09,3.04,3.03,3.08,337585.0,0.42047485312049865
20190903,3.08,3.08,3.06,3.07,246328.0,0.4075335711649394
20190904,3.14,3.08,3.08,3.14,595894.0,0.5202818714644095
20190905,3.16,3.15,3.12,3.13,635801.0,0.5052959787310113
20190906,3.15,3.14,3.1,3.15,499035.0,0.5345468278021891
20190909,3.17,3.16,3.13,3.15,460255.0,0.5345468278021891
20190910,3.16,3.15,3.13,3.14,363001.0,0.5163787684538507
20190911,3.15,3.15,3.11,3.12,321365.0,0.4807301502395072
20190912,3.14,3.13,3.12,3.13,317114.0,0.4995741305138808
20190916,3.16,3.15,3.11,3.13,394800.0,0.4995741305138808
20190917,3.13,3.13,3.05,3.07,471288.0,0.3967631998913419
20190918,3.08,3.06,3.05,3.05,250183.0,0.36913859292444523
20190919,3.08,3.06,3.04,3.07,311234.0,0.41367276207426135
20190920,3.07,3.07,3.05,3.06,298597.0,0.3983348493327675
20190923,3.07,3.06,3.02,3.03,247249.0,0.35522976485382335
20190924,3.05,3.03,3.02,3.04,206819.0,0.379641045232902
20190925,3.11,3.03,3.0,3.08,631819.0,0.46759862986499945
20190926,3.07,3.06,3.01,3.01,327098.0,0.3679907401234378
20190927,3.04,3.01,3.01,3.01,178621.0,0.36799074012343774
20190930,3.02,3.01,2.99,2.99,222252.0,0.34313671269884916
20191008,3.01,2.99,2.98,2.99,210979.0,0.34313671269884916
20191009,3.0,2.98,2.97,3.0,167262.0,0.36851543471936327
20191010,2.98,2.98,2.92,2.95,450523.0,0.3043712911179615
20191011,2.95,2.94,2.87,2.88,448220.0,0.24045032925420404
20191014,2.91,2.89,2.86,2.89,357766.0,0.26452165585538273
20191015,2.89,2.89,2.86,2.87,235396.0,0.24741414119952068
20191016,2.88,2.88,2.8,2.82,355122.0,0.2103178573264479
20191017,2.86,2.82,2.8,2.84,298106.0,0.25881132228158876
20191018,3.09,2.92,2.92,2.97,1111794.0,0.48365215515108484
20191021,2.94,2.94,2.85,2.9,437035.0,0.41050347486413086
20191022,2.9,2.89,2.85,2.86,293126.0,0.37513536222460336
20191023,2.87,2.87,2.82,2.83,238542.0,0.3504323951999658
20191024,2.85,2.84,2.82,2.84,176254.0,0.36562302676116315
20191025,2.94,2.85,2.82,2.91,366042.0,0.4617456514066052
20191028,2.92,2.9,2.87,2.9,237993.0,0.4510935486506133
20191029,2.91,2.9,2.86,2.86,178544.0,0.40983705564081885
20191030,2.86,2.85,2.82,2.83,182770.0,0.38130408592293846
20191031,2.87,2.83,2.82,2.84,211086.0,0.39658053354485145
20191101,2.86,2.83,2.82,2.84,197607.0,0.39658053354485145
20191104,2.86,2.84,2.83,2.84,180356.0,0.39658053354485157
20191105,2.87,2.84,2.82,2.85,253400.0,0.4153230032526781
20191106,2.86,2.85,2.83,2.83,152387.0,0.38896363156913616
20191107,2.85,2.84,2.82,2.84,154151.0,0.40940897801414894
20191108,2.86,2.85,2.83,2.84,189807.0,0.40940897801414894
20191111,2.84,2.84,2.77,2.78,239737.0,0.330455866143218
20191112,2.86,2.81,2.81,2.84,306525.0,0.44683057740876075
20191113,2.84,2.84,2.76,2.78,311861.0,0.3756100518601543
20191114,2.79,2.78,2.73,2.74,314137.0,0.3365921772099156
20191115,2.74,2.73,2.69,2.69,216893.0,0.294828861406082
20191118,2.7,2.7,2.63,2.69,208089.0,0.29482886140608194
20191119,2.71,2.67,2.65,2.71,195055.0,0.3341567019080705
20191120,2.76,2.69,2.68,2.73,271382.0,0.3723437418181578
20191121,2.73,2.72,2.7,2.73,162308.0,0.3723437418181578
20191122,2.76,2.73,2.71,2.72,268142.0,0.36005629922666804
20191125,2.83,2.72,2.72,2.8,518427.0,0.5031501967650972
20191126,2.84,2.8,2.77,2.84,587032.0,0.5571613475093478
20191127,2.82,2.82,2.78,2.78,242587.0,0.4730186563274168
20191128,2.81,2.77,2.76,2.77,177500.0,0.4603774995249912
20191129,2.8,2.77,2.76,2.79,156330.0,0.49010819942100864
20191202,2.8,2.78,2.76,2.78,127846.0,0.4758091733151465
20191203,2.77,2.77,2.75,2.76,120006.0,0.4473340875565913
20191204,2.78,2.75,2.74,2.76,156523.0,0.4473340875565913
20191205,2.85,2.78,2.77,2.83,362075.0,0.5576104141577687
20191206,2.82,2.82,2.78,2.8,238011.0,0.5100301110483643
20191209,2.85,2.81,2.79,2.83,276613.0,0.5517554529536123
20191210,2.88,2.82,2.81,2.87,351471.0,0.6011589469054589
20191211,2.89,2.86,2.84,2.89,283593.0,0.6237765744535547
20191212,2.9,2.88,2.86,2.88,236006.0,0.6050609265118658
20191213,2.92,2.89,2.88,2.91,266863.0,0.6403740878116992
20191216,2.89,2.88,2.83,2.87,426712.0,0.5666741390201152
20191217,2.93,2.87,2.85,2.9,347938.0,0.6039661315151527
20191218,2.94,2.9,2.89,2.91,321348.0,0.6159837359240825
20191219,2.93,2.91,2.9,2.92,166292.0,0.6282886876733031
20191220,2.93,2.91,2.88,2.88,227473.0,0.5512159750365122
20191223,2.89,2.89,2.81,2.81,254700.0,0.4466217155970955
20191224,2.9,2.8,2.8,2.88,278075.0,0.5415266350669125
20191225,2.89,2.89,2.85,2.87,167411.0,0.5274297943503334
20191226,2.89,2.88,2.86,2.88,192033.0,0.5404793453227604
20191227,3.02,2.88,2.87,2.92,608745.0,0.5898958422564747
20191230,2.98,2.92,2.91,2.93,377404.0,0.6015810248273408
20191231,2.94,2.94,2.9,2.92,245865.0,0.5834454976841835
20200102,2.96,2.93,2.93,2.94,299042.0,0.6091530838802893
20200103,2.95,2.94,2.92,2.94,296758.0,0.6091530838802894
20200106,2.96,2.92,2.9,2.94,299045.0,0.6091530838802894
20200107,2.98,2.94,2.93,2.97,356086.0,0.6510868395258268
20200108,2.95,2.95,2.89,2.9,383981.0,0.5114182774882441
20200109,2.93,2.92,2.89,2.91,264077.0,0.5272236948342712
20200110,2.92,2.92,2.87,2.88,199596.0,0.47674956161250626
20200113,2.91,2.87,2.83,2.89,248803.0,0.4943526547534073
20200114,2.96,2.89,2.88,2.93,399501.0,0.5590799924543804
20200115,2.9,2.9,2.85,2.86,314419.0,0.449283779251357
20200116,2.86,2.85,2.81,2.82,225884.0,0.40028017695842644
20200117,2.84,2.82,2.79,2.8,200127.0,0.37780351438168613
20200120,2.8,2.8,2.75,2.77,297449.0,0.3460101557646869
20200121,2.77,2.76,2.69,2.7,352999.0,0.28496776928348944
20200122,2.72,2.7,2.65,2.71,231296.0,0.3041006176734625
20200123,2.7,2.69,2.61,2.62,343906.0,0.2408307391517215
20200203,2.36,2.36,2.36,2.36,105191.0,0.14545634817286135
20200204,2.32,2.12,2.12,2.24,611408.0,0.12127467080359546
20200205,2.33,2.23,2.23,2.28,425711.0,0.17136831039837447
20200206,2.32,2.29,2.26,2.28,410997.0,0.17136831039837452
20200207,2.29,2.27,2.23,2.26,370469.0,0.16574593982924882
20200210,2.31,2.25,2.22,2.31,480479.0,0.23426277309035007
20200211,2.38,2.3,2.28,2.34,524710.0,0.27332687663175714
20200212,2.37,2.34,2.29,2.36,466821.0,0.29932326986220104
20200213,2.37,2.35,2.31,2.32,401184.0,0.2776515833021356
20200214,2.55,2.35,2.34,2.55,1303800.0,0.5032537380110843
20200217,2.68,2.58,2.52,2.61,1728337.0,0.5438011105280082
20200218,2.6,2.57,2.54,2.58,863677.0,0.5206213651458206
20200219,2.75,2.57,2.56,2.62,1151377.0,0.5486079420388379
20200220,2.62,2.6,2.55,2.61,670369.0,0.5400098642414417
20200221,2.65,2.59,2.59,2.61,563462.0,0.5400098642414417
20200224,2.66,2.6,2.54,2.62,907394.0,0.5484323297850112
20200225,2.58,2.56,2.5,2.56,667728.0,0.4897382183078266
20200226,2.63,2.55,2.52,2.57,849183.0,0.4994776203851669
20200227,2.58,2.57,2.51,2.52,662753.0,0.45237977891757475
20200228,2.48,2.45,2.36,2.39,742979.0,0.356920461562872
20200302,2.47,2.4,2.39,2.47,554307.0,0.43671586186271627
20200303,2.53,2.51,2.45,2.47,564806.0,0.4367158618627163
20200304,2.54,2.44,2.43,2.51,528665.0,0.47544612038660483
20200305,2.61,2.52,2.51,2.59,1016342.0,0.54387306513375
20200306,2.56,2.56,2.52,2.54,551940.0,0.4994510219332421
20200309,2.49,2.49,2.43,2.43,530698.0,0.41759234050486294
20200310,2.45,2.37,2.37,2.45,439412.0,0.4359294605397227
20200311,2.47,2.46,2.41,2.41,359686.0,0.4079083585316701
20200312,2.39,2.37,2.32,2.34,461700.0,0.36332334483505657
20200313,2.33,2.21,2.18,2.32,485186.0,0.35135343124081764
20200316,2.35,2.34,2.24,2.24,360675.0,0.307190841983012
20200317,2.28,2.25,2.19,2.24,341206.0,0.307190841983012
20200318,2.3,2.26,2.22,2.23,358148.0,0.30155238550848174
20200319,2.24,2.21,2.19,2.23,273329.0,0.30155238550848174
20200320,2.27,2.24,2.22,2.26,262631.0,0.34450779615960697
20200323,2.24,2.23,2.19,2.2,247968.0,0.3037493225556379
20200324,2.27,2.24,2.22,2.26,385793.0,0.3833385384064893
20200325,2.32,2.3,2.26,2.28,353359.0,0.40794874216379867
20200326,2.27,2.27,2.23,2.25,270316.0,0.38294069700870476
20200327,2.27,2.26,2.24,2.25,235725.0,0.38294069700870476
20200330,2.22,2.22,2.18,2.2,236598.0,0.34142644869662037
20200331,2.24,2.23,2.21,2.22,217925.0,0.3711735732786076
20200401,2.23,2.22,2.19,2.2,239996.0,0.35374279147006893
20200402,2.24,2.18,2.17,2.23,266420.0,0.3998609073302754
20200403,2.22,2.22,2.18,2.19,197355.0,0.3622587833233105
20200407,2.25,2.21,2.2,2.24,317020.0,0.4347436662012555
20200408,2.28,2.23,2.22,2.26,328582.0,0.461453706835199
20200409,2.27,2.26,2.24,2.25,224142.0,0.44985888761997556
20200410,2.29,2.26,2.23,2.25,342941.0,0.4498588876199755
20200413,2.23,2.22,2.19,2.2,244403.0,0.39134689817852225
20200414,2.22,2.21,2.19,2.22,223566.0,0.42403667403335193
20200415,2.23,2.22,2.18,2.19,230453.0,0.3897802697848334
20200416,2.2,2.18,2.17,2.19,239617.0,0.3897802697848334
20200417,2.2,2.19,2.18,2.2,232884.0,0.40872902911991654
20200420,2.2,2.19,2.17,2.17,180260.0,0.37102344259967823
20200421,2.18,2.16,2.11,2.13,309505.0,0.32712837422465335
20200422,2.13,2.12,2.1,2.12,197486.0,0.316903226078051
20200423,2.15,2.13,2.11,2.14,202929.0,0.3605146766231978
20200424,2.14,2.13,2.09,2.1,195395.0,0.31643651732070577
20200427,2.11,2.1,2.04,2.06,265546.0,0.27919732035690226
20200428,2.06,2.05,1.9,1.96,440274.0,0.21136042611584135
20200429,1.98,1.95,1.94,1.95,177159.0,0.20590277865127082
20200430,2.01,1.96,1.96,2.0,299786.0,0.3039392188189713
20200506,2.04,1.99,1.98,2.02,287778.0,0.3395205131903049
20200507,2.05,2.03,2.02,2.03,223525.0,0.35743683960651884
20200508,2.07,2.04,2.03,2.07,251293.0,0.4254462273732233
20200511,2.09,2.07,2.05,2.06,205975.0,0.4135099854266047
20200512,2.06,2.06,2.01,2.02,204742.0,0.36840754841781004
20200513,2.03,2.02,2.0,2.02,146309.0,0.36840754841781
20200514,2.02,2.02,1.98,1.99,157740.0,0.33572361731691047
20200515,2.01,2.0,1.98,1.98,150858.0,0.3252314406321787
20200518,2.06,2.0,1.97,2.03,431655.0,0.42350521761958354
20200519,2.04,2.04,2.0,2.01,230842.0,0.39819876506706137
20200520,2.01,2.0,1.96,1.97,262281.0,0.3522716884283848
20200521,1.98,1.98,1.95,1.96,171492.0,0.34152871054474476
20200522,1.96,1.96,1.91,1.92,239373.0,0.30141764775914626
20200525,1.92,1.91,1.89,1.9,159730.0,0.2832709519974758
20200526,1.93,1.9,1.89,1.93,138417.0,0.3475481812688353
20200527,1.94,1.93,1.91,1.92,140009.0,0.33657209397043614
20200528,1.96,1.93,1.92,1.94,190656.0,0.37933878934052634
20200529,1.95,1.93,1.92,1.94,164975.0,0.37933878934052634
20200601,1.99,1.95,1.94,1.98,288615.0,0.46190099128115475
20200602,2.03,1.99,1.97,2.02,324005.0,0.5300921299525218
20200603,2.05,2.02,1.98,1.99,328770.0,0.4802929920393606
20200604,2.02,1.99,1.98,2.0,274082.0,0.4974605275280778
20200605,2.0,2.0,1.98,1.99,186972.0,0.48015751692800424
20200608,2.1,2.01,1.99,2.07,750060.0,0.6012125986213144
20200609,2.1,2.07,2.03,2.05,576019.0,0.5653099525572832
20200610,2.05,2.05,2.0,2.01,379049.0,0.5001451606888263
20200611,2.03,2.02,1.99,2.01,452673.0,0.5001451606888263
20200612,2.06,1.98,1.96,2.05,797421.0,0.56044506990436
20200615,2.04,2.03,1.99,2.0,425185.0,0.48127443559305133
20200616,2.03,2.0,1.99,2.03,331382.0,0.5251781790377367
20200617,2.07,2.02,2.01,2.03,352259.0,0.5251781790377366
20200618,2.18,2.03,2.02,2.11,995627.0,0.6257126329162574
20200619,2.1,2.09,2.05,2.09,606041.0,0.5915534989943967
20200622,2.1,2.07,2.05,2.05,298090.0,0.528592516751081
20200623,2.06,2.05,2.02,2.03,271148.0,0.49958911111955495
20200624,2.05,2.03,2.02,2.04,180715.0,0.5141305097445894
20200629,2.03,2.03,2.0,2.0,188880.0,0.4562738259699557
20200630,2.02,2.01,2.0,2.01,167449.0,0.47246433691836914
20200701,2.04,2.02,2.0,2.03,281414.0,0.5046464218021041
20200702,2.09,2.03,2.02,2.08,497573.0,0.5753054428356152
20200703,2.15,2.07,2.07,2.13,877604.0,0.6324935631986677
20200706,2.32,2.16,2.16,2.31,1411906.0,0.7596166772709552
20200707,2.39,2.32,2.26,2.26,1209593.0,0.6875476838325202
20200708,2.42,2.26,2.24,2.38,1320870.0,0.7497180354106449
20200709,2.44,2.37,2.35,2.43,1238766.0,0.7704768868110365
20200710,2.42,2.42,2.3,2.31,944669.0,0.633013630112334
20200713,2.42,2.28,2.28,2.39,1025025.0,0.6751628900377586
20200714,2.39,2.37,2.3,2.32,1030634.0,0.6084566758949533
20200715,2.37,2.35,2.23,2.26,739918.0,0.5569985933308046
20200716,2.29,2.26,2.17,2.18,660217.0,0.4959858537010021
20200717,2.22,2.18,2.15,2.17,459829.0,0.4886863189118778
20200720,2.3,2.17,2.16,2.28,722703.0,0.5654336427192135
20200721,2.3,2.27,2.24,2.26,508834.0,0.5490864776815777
20200722,2.31,2.29,2.25,2.26,528108.0,0.5490864776815777
20200723,2.27,2.24,2.19,2.23,562289.0,0.522139165493076
20200724,2.23,2.23,2.13,2.14,641329.0,0.44988168218432173
20200727,2.19,2.15,2.11,2.15,413301.0,0.4589572579638248
20200728,2.27,2.17,2.17,2.22,772680.0,0.5194920753425009
20200729,2.24,2.21,2.17,2.23,465007.0,0.5277269565659517
20200730,2.25,2.23,2.19,2.21,408390.0,0.5087055842420322
20200731,2.24,2.2,2.17,2.2,528474.0,0.4988970952646309
20200803,2.25,2.2,2.2,2.25,583240.0,0.5465831928256958
20200804,2.32,2.26,2.22,2.31,1191580.0,0.5968109101506263
20200805,2.3,2.29,2.24,2.29,832080.0,0.5737009752900024
20200806,2.37,2.28,2.27,2.37,1250998.0,0.6353209280112739
20200807,2.37,2.36,2.29,2.3,883284.0,0.558290256464438
20200810,2.35,2.29,2.26,2.3,780016.0,0.5582902564644379
20200811,2.31,2.31,2.23,2.24,673633.0,0.49684079229745104
20200812,2.23,2.21,2.19,2.22,498194.0,0.4777203006585891
20200813,2.27,2.22,2.2,2.24,448021.0,0.4987635599720045
20200814,2.26,2.23,2.2,2.24,345332.0,0.4987635599720044
20200817,2.28,2.24,2.22,2.27,557778.0,0.532395861541654
20200818,2.29,2.26,2.25,2.28,581581.0,0.5435334262012009
20200819,2.29,2.28,2.24,2.24,516790.0,0.49236013744754537
20200820,2.24,2.23,2.2,2.21,508249.0,0.4571456413047805
20200821,2.23,2.22,2.2,2.21,310621.0,0.4571456413047805
20200824,2.24,2.21,2.19,2.22,373730.0,0.472122730733904
20200825,2.22,2.22,2.18,2.19,350859.0,0.4330237343022588
20200826,2.19,2.18,2.16,2.16,306617.0,0.3971441478910156
20200827,2.17,2.16,2.14,2.16,253911.0,0.39714414789101565
20200828,2.19,2.16,2.14,2.19,328796.0,0.45125489250102113
20200831,2.21,2.19,2.17,2.18,324166.0,0.4369918978220831
20200901,2.18,2.18,2.16,2.17,174511.0,0.42242630024223454
20200902,2.17,2.17,2.15,2.17,252908.0,0.42242630024223454
20200903,2.19,2.16,2.15,2.16,264417.0,0.40630913599937846
20200904,2.14,2.14,2.11,2.13,288024.0,0.361206395678489
20200907,2.16,2.13,2.12,2.13,297361.0,0.3612063956784889
20200908,2.22,2.13,2.12,2.21,727003.0,0.527618546496113
20200909,2.32,2.19,2.18,2.3,1515470.0,0.6420584877882647
20200910,2.32,2.31,2.16,2.18,990166.0,0.47476165451828195
20200911,2.22,2.15,2.15,2.18,367117.0,0.4747616545182819
20200914,2.19,2.17,2.14,2.16,365572.0,0.4514308234374228
20200915,2.17,2.16,2.14,2.15,183665.0,0.4396461800770735
20200916,2.17,2.14,2.13,2.15,204214.0,0.4396461800770735
20200917,2.16,2.15,2.13,2.15,191761.0,0.4396461800770735
20200918,2.18,2.14,2.13,2.16,341982.0,0.45801487432904975
20200921,2.18,2.17,2.15,2.16,248221.0,0.45801487432904975
20200922,2.15,2.14,2.12,2.13,270119.0,0.4100274681021547
20200923,2.14,2.13,2.12,2.13,140029.0,0.4100274681021547
20200924,2.13,2.12,2.08,2.09,299306.0,0.3515774598679667
20200925,2.1,2.09,2.07,2.1,180500.0,0.3758432192994882
20200928,2.11,2.1,2.07,2.09,127963.0,0.36110132061333433
20200929,2.11,2.1,2.07,2.07,182570.0,0.33263488728433066
20200930,2.09,2.08,2.05,2.06,240433.0,0.3189214515175397
20201009,2.11,2.08,2.08,2.1,162802.0,0.42276503406378496
20201012,2.15,2.1,2.1,2.15,294930.0,0.5221219528753309
20201013,2.14,2.14,2.1,2.12,217418.0,0.4692539141356458
20201014,2.12,2.11,2.08,2.09,202418.0,0.4225756908740657
20201015,2.1,2.08,2.08,2.09,142895.0,0.4225756908740658
20201016,2.1,2.08,2.07,2.07,196300.0,0.3916651103203526
20201019,2.1,2.08,2.06,2.06,239867.0,0.3766376713449624
20201020,2.07,2.06,2.05,2.06,160426.0,0.3766376713449624
20201021,2.07,2.07,2.05,2.06,138822.0,0.3766376713449624
20201022,2.06,2.05,2.03,2.04,147414.0,0.3425148329740938
20201023,2.06,2.04,2.03,2.03,154080.0,0.3263856979299544
20201026,2.05,2.03,2.03,2.04,125930.0,0.35929930284925937
20201027,2.06,2.04,2.03,2.05,158681.0,0.39172240278707554
20201028,2.06,2.06,2.03,2.05,157720.0,0.39172240278707554
20201029,2.05,2.04,2.02,2.03,195607.0,0.34961170652891727
20201030,2.04,2.04,1.99,1.99,234814.0,0.28318994388785035
20201102,2.02,1.99,1.99,2.0,161414.0,0.3185015809651541
20201103,2.06,2.0,2.0,2.04,271730.0,0.4390785500923278
20201104,2.04,2.04,2.01,2.02,197886.0,0.40043393788057186
20201105,2.07,2.03,2.02,2.05,383033.0,0.4759135232334147
20201106,2.06,2.05,2.03,2.06,305913.0,0.49885509097691866
20201109,2.13,2.06,2.05,2.09,516128.0,0.5616533554130749
20201110,2.11,2.09,2.05,2.07,393037.0,0.5147426687449895
20201111,2.21,2.06,2.06,2.14,1161283.0,0.6320753352119407
20201112,2.18,2.12,2.07,2.15,938401.0,0.6454361163998037
20201113,2.37,2.19,2.18,2.37,2440568.0,0.8105490264498578
20201116,2.6,2.37,2.32,2.51,4441623.0,0.8568324152856965
20201117,2.47,2.4,2.35,2.42,2672437.0,0.731504369441964
20201118,2.53,2.37,2.35,2.47,2387345.0,0.7533677956138114
20201119,2.54,2.45,2.36,2.45,1968128.0,0.7275170700068391
20201120,2.48,2.4,2.35,2.45,1806001.0,0.727517070006839
20201123,2.58,2.44,2.43,2.49,2659265.0,0.7480909662809969
20201124,2.74,2.46,2.41,2.62,3102884.0,0.8012866323160108
20201125,2.64,2.62,2.48,2.48,2223631.0,0.6420113278228612
20201126,2.51,2.47,2.38,2.42,1397332.0,0.5874202998111457
20201127,2.45,2.42,2.35,2.41,990531.0,0.578476914859773
20201130,2.53,2.43,2.4,2.41,1437728.0,0.578476914859773
20201201,2.47,2.39,2.36,2.41,1085180.0,0.578476914859773
20201202,2.49,2.42,2.4,2.42,1097656.0,0.5866472429274177
20201203,2.47,2.45,2.38,2.39,940902.0,0.5516532024033942
20201204,2.43,2.39,2.34,2.42,967253.0,0.5790462291515595
20201207,2.41,2.4,2.32,2.33,841533.0,0.48255597274004086
20201208,2.35,2.32,2.28,2.31,595028.0,0.4638191915776443
20201209,2.34,2.32,2.26,2.27,567777.0,0.42759501831445673
20201210,2.3,2.27,2.25,2.27,515979.0,0.4275950183144566
20201211,2.35,2.29,2.24,2.26,743561.0,0.4178849206465849
20201214,2.26,2.25,2.18,2.22,594005.0,0.38020915525405746
20201215,2.21,2.2,2.15,2.2,562538.0,0.36238792554649796
20201216,2.25,2.19,2.17,2.2,525831.0,0.36238792554649807
20201217,2.29,2.19,2.17,2.28,836308.0,0.478703313902044
20201218,2.33,2.28,2.26,2.3,864984.0,0.5034096035378909
20201221,2.33,2.28,2.28,2.32,773378.0,0.527822345231756
20201222,2.31,2.31,2.2,2.21,897511.0,0.4075960517257461
20201223,2.25,2.2,2.19,2.22,766009.0,0.42068257122079733
20201224,2.23,2.22,2.15,2.17,619295.0,0.37544390094579017
20201225,2.26,2.17,2.14,2.22,1003620.0,0.4410192653054404
20201228,2.29,2.25,2.21,2.23,940443.0,0.4535376434372029
20201229,2.23,2.23,2.17,2.19,613785.0,0.4131619413545879
20201230,2.23,2.18,2.16,2.19,1016362.0,0.4131619413545879
20201231,2.2,2.19,2.15,2.17,814430.0,0.39237660851843875
20210104,2.22,2.16,2.15,2.2,1282205.0,0.4385928312701092
20210105,2.22,2.19,2.15,2.21,1220028.0,0.45370255212886745
20210106,2.22,2.21,2.15,2.16,842782.0,0.3956235450984623
20210107,2.24,2.18,2.16,2.21,1313122.0,0.4696817370196923
20210108,2.2,2.19,2.15,2.17,940051.0,0.42430603806482003
20210111,2.16,2.16,2.04,2.05,1177607.0,0.3223777857163497
20210112,2.11,2.06,2.05,2.1,732294.0,0.38908509263728325
20210113,2.14,2.09,2.07,2.09,650329.0,0.38090384227677154
20210114,2.09,2.07,2.05,2.08,468778.0,0.372362433398824
20210115,2.1,2.08,2.06,2.08,470797.0,0.372362433398824
20210118,2.11,2.07,2.06,2.09,373713.0,0.38867650513260266
20210119,2.09,2.09,2.06,2.08,444276.0,0.37795916822980524
20210120,2.1,2.07,2.06,2.07,465602.0,0.36692191994248957
20210121,2.13,2.07,2.06,2.1,775520.0,0.4221477848004121
20210122,2.1,2.1,2.06,2.07,635215.0,0.38546527282636595
20210125,2.07,2.07,2.02,2.03,590547.0,0.3422121670564861
20210126,2.06,2.02,2.01,2.03,352798.0,0.3422121670564861
20210127,2.04,2.04,2.01,2.02,392012.0,0.33115656152798695
20210128,2.02,2.01,1.99,2.01,385967.0,0.31988285783197007
20210129,2.02,2.01,1.94,1.95,503085.0,0.2615923211023995
20210201,1.97,1.95,1.93,1.94,286402.0,0.253203253779162
20210202,1.95,1.95,1.93,1.94,237357.0,0.253203253779162
20210203,1.97,1.94,1.9,1.94,440373.0,0.253203253779162
20210204,1.95,1.94,1.89,1.92,446737.0,0.2337399188737451
20210205,1.92,1.91,1.89,1.9,260422.0,0.21565578755458328
20210208,1.92,1.91,1.88,1.91,276953.0,0.2474156428718562
20210209,1.97,1.91,1.91,1.96,438670.0,0.38356553368848134
20210210,2.06,1.96,1.94,2.04,679408.0,0.5315028166508734
20210218,2.14,2.1,2.07,2.1,976841.0,0.6083959744787205
20210219,2.18,2.1,2.08,2.17,1173926.0,0.6760629397519478
20210222,2.39,2.2,2.2,2.39,3009907.0,0.7965778870008036
20210223,2.36,2.32,2.22,2.31,2194459.0,0.6941353536385134
20210224,2.3,2.29,2.21,2.25,1290242.0,0.6280512543230229
20210225,2.33,2.32,2.22,2.25,1050496.0,0.6280512543230229
20210226,2.22,2.18,2.13,2.14,1111966.0,0.5200319462394272
20210301,2.28,2.16,2.14,2.26,1283156.0,0.6015817077301445
20210302,2.25,2.25,2.17,2.2,946066.0,0.5505580008880141
20210303,2.42,2.25,2.24,2.37,2474143.0,0.6439099610469518
20210304,2.48,2.34,2.31,2.38,2510675.0,0.6485937669318526
20210305,2.34,2.32,2.23,2.28,1523531.0,0.5672044746705686
20210308,2.33,2.3,2.23,2.23,914273.0,0.5308682487246151
20210309,2.34,2.24,2.16,2.26,1320077.0,0.5497479733987181
20210310,2.26,2.21,2.2,2.21,740275.0,0.5122650973783305
20210311,2.33,2.23,2.21,2.31,1320138.0,0.5754251003255187
20210312,2.37,2.3,2.26,2.32,1366148.0,0.5813394756389149
20210315,2.44,2.3,2.29,2.37,1476618.0,0.6109039367200848
20210316,2.36,2.35,2.28,2.33,807354.0,0.5754400303375534
20210317,2.32,2.31,2.26,2.3,729173.0,0.5493478196026474
20210318,2.32,2.29,2.26,2.27,722759.0,0.5234550355010389
20210319,2.27,2.25,2.22,2.24,715128.0,0.49785599726772856
20210322,2.32,2.25,2.24,2.3,775317.0,0.5462689250666509
20210323,2.3,2.3,2.21,2.23,768700.0,0.4865642163059277
20210324,2.24,2.21,2.16,2.18,720354.0,0.44837797726847567
20210325,2.22,2.18,2.17,2.18,395420.0,0.44837797726847567
20210326,2.21,2.19,2.18,2.2,377324.0,0.46824423391103936
20210329,2.25,2.2,2.18,2.24,632297.0,0.5069837536616179
20210330,2.23,2.22,2.17,2.22,567751.0,0.48760745041670406
20210331,2.23,2.22,2.18,2.2,372662.0,0.4680912200333639
20210401,2.24,2.19,2.18,2.22,535481.0,0.4903443452381586
20210402,2.22,2.21,2.17,2.19,431179.0,0.458926472082222
20210406,2.23,2.19,2.18,2.19,343937.0,0.458926472082222
20210407,2.3,2.23,2.21,2.28,1067957.0,0.5596577501436834
20210408,2.39,2.29,2.28,2.31,1691647.0,0.587577872795858
20210409,2.37,2.31,2.28,2.34,1068831.0,0.6142594110955417
20210412,2.43,2.34,2.31,2.39,1677779.0,0.6548574220163629
20210413,2.37,2.36,2.26,2.29,1244484.0,0.5325647599028572
20210414,2.52,2.28,2.26,2.42,2579305.0,0.6304395859363765
20210415,2.42,2.4,2.33,2.37,1529437.0,0.5795255685139559
20210416,2.41,2.39,2.35,2.36,1139013.0,0.5694909861327884
20210419,2.39,2.37,2.35,2.35,818009.0,0.5589331449174072
20210420,2.37,2.34,2.33,2.34,704841.0,0.5478531141291365
20210421,2.38,2.32,2.29,2.34,925580.0,0.5478531141291365
20210422,2.4,2.32,2.32,2.33,809186.0,0.5352262465175714
20210423,2.37,2.34,2.3,2.37,905437.0,0.5776982658022002
20210426,2.41,2.35,2.35,2.36,1142626.0,0.5636507359807269
20210427,2.37,2.35,2.25,2.27,1033788.0,0.455018438426815
20210428,2.33,2.27,2.25,2.31,738053.0,0.5015920473993016
20210429,2.32,2.31,2.27,2.29,623739.0,0.479252172388481
20210430,2.3,2.27,2.22,2.23,808195.0,0.41828302123826044
20210506,2.4,2.24,2.24,2.36,1530053.0,0.552764622431885
20210507,2.53,2.43,2.4,2.5,2850302.0,0.6482883272367147
20210510,2.74,2.57,2.55,2.7,3207798.0,0.7361231637146193
20210511,2.69,2.67,2.56,2.64,2215692.0,0.680504466653383
20210512,2.68,2.61,2.57,2.65,1477129.0,0.6848340581008623
20210513,2.63,2.61,2.55,2.55,1262527.0,0.5966322635120589
20210514,2.58,2.56,2.5,2.52,952461.0,0.5725011026818774
20210517,2.52,2.51,2.43,2.45,1012784.0,0.5190623453479534
20210518,2.49,2.47,2.44,2.46,805209.0,0.5259581856540587
20210519,2.44,2.43,2.38,2.4,852370.0,0.48083171856947715
20210520,2.37,2.36,2.28,2.33,1120597.0,0.4334948614475942
20210521,2.38,2.32,2.31,2.35,699594.0,0.4503605744189564
20210524,2.37,2.33,2.3,2.32,778535.0,0.4294395608351159
20210525,2.35,2.33,2.29,2.33,701464.0,0.4389175530056563
20210526,2.36,2.33,2.31,2.35,655896.0,0.4585420258904635
20210527,2.36,2.34,2.31,2.32,872615.0,0.43371873695619845
20210528,2.38,2.35,2.31,2.33,773680.0,0.44465108404502407
20210531,2.34,2.33,2.28,2.32,644316.0,0.4354796417609451
20210601,2.34,2.32,2.27,2.34,952378.0,0.45979043384094953
20210602,2.35,2.33,2.3,2.3,856916.0,0.42029953932914066
20210603,2.36,2.3,2.29,2.33,1169969.0,0.4583619286436989
20210604,2.32,2.31,2.29,2.3,749951.0,0.4277249754877077
20210607,2.31,2.31,2.26,2.26,854061.0,0.38982539048610787
20210608,2.25,2.25,2.19,2.2,1042354.0,0.3404606767969043
20210609,2.32,2.22,2.21,2.3,1426148.0,0.46389447510534754
20210610,2.32,2.32,2.26,2.27,933157.0,0.4371209918040734
20210611,2.28,2.27,2.24,2.25,753031.0,0.4195122772033008
20210615,2.28,2.26,2.2,2.21,664422.0,0.3856197597940861
20210616,2.23,2.21,2.19,2.21,438712.0,0.3856197597940861
20210617,2.22,2.2,2.19,2.21,390859.0,0.38561975979408614
20210618,2.21,2.2,2.16,2.19,515794.0,0.36640410574946686
20210621,2.22,2.19,2.18,2.19,403607.0,0.3664041057494669
20210622,2.23,2.19,2.18,2.23,549340.0,0.43358389015684135
20210623,2.45,2.4,2.34,2.35,2523368.0,0.5794997067798024
20210624,2.37,2.33,2.28,2.29,1302582.0,0.5081031560590206
20210625,2.38,2.31,2.29,2.35,1443937.0,0.566383058134034
20210628,2.38,2.37,2.3,2.32,765225.0,0.532002195655116
20210629,2.32,2.32,2.28,2.28,530394.0,0.48884027241435196
20210630,2.31,2.28,2.28,2.29,391938.0,0.4999056909527076
20210701,2.3,2.29,2.24,2.24,482390.0,0.4471115563209149
20210702,2.28,2.23,2.22,2.25,452532.0,0.45956416356978846
20210705,2.3,2.25,2.24,2.3,496003.0,0.5186935078941166
20210706,2.31,2.3,2.26,2.29,495869.0,0.5066002618152617
20210707,2.33,2.28,2.26,2.33,893463.0,0.5521621226109837
20210708,2.36,2.32,2.31,2.31,802697.0,0.5256840770105815
20210709,2.42,2.3,2.27,2.42,1891766.0,0.6316623196128128
20210712,2.53,2.42,2.41,2.46,1837275.0,0.661651787667664
20210713,2.51,2.48,2.46,2.49,1429321.0,0.6827832042555302
20210714,2.53,2.48,2.46,2.47,1165681.0,0.6531175859034648
20210715,2.71,2.47,2.46,2.56,2624290.0,0.714097823486096
20210716,2.62,2.58,2.52,2.56,1456799.0,0.714097823486096
20210719,2.61,2.55,2.51,2.54,1237796.0,0.6823734148323871
20210720,2.52,2.5,2.45,2.51,941103.0,0.6361288458883674
20210721,2.6,2.52,2.5,2.59,1226992.0,0.6960520640377739
20210722,2.85,2.58,2.57,2.79,2983576.0,0.7902554862525106
20210723,2.9,2.8,2.78,2.8,2565816.0,0.7937423589599691
20210726,3.0,2.81,2.81,2.86,2581390.0,0.8139835744911488
20210727,2.93,2.89,2.72,2.75,2048368.0,0.68043399067423
20210728,2.75,2.71,2.59,2.65,1458696.0,0.5852122376193156
20210729,2.84,2.71,2.67,2.79,1595720.0,0.658253856634855
20210730,2.92,2.81,2.77,2.86,1806489.0,0.6882024053742312
20210802,2.9,2.86,2.74,2.82,1590948.0,0.6525540762462256
20210803,2.94,2.81,2.71,2.76,1537463.0,0.6015641093544578
20210804,2.87,2.73,2.72,2.8,1036902.0,0.622989043540649
20210805,2.77,2.76,2.71,2.73,764248.0,0.5649890815487663
20210806,3.0,2.8,2.78,3.0,2293457.0,0.687434517361675
20210809,3.14,3.11,2.94,2.97,2834553.0,0.6647541768770815
20210810,3.01,2.99,2.88,2.93,1601467.0,0.6343138222502298
